Ticker,Date,Prediction,Confidence,Confidence_Percentile
A,2025-03-31,Flat,0.37821794,61.30952380952381
A,2025-04-01,Flat,0.37820342,61.14718614718615
A,2025-04-02,Flat,0.3782108,61.25541125541125
A,2025-04-04,Flat,0.37771288,57.08874458874459
AAL,2025-03-28,Flat,0.37264147,4.816017316017316
AAL,2025-04-01,Flat,0.37261283,4.491341991341991
AAL,2025-04-02,Flat,0.37263107,4.707792207792208
AAL,2025-04-03,Flat,0.37259406,4.166666666666666
AAPL,2025-03-28,Flat,0.3818974,87.87878787878788
AAPL,2025-04-01,Flat,0.3819126,88.41991341991343
AAPL,2025-04-02,Flat,0.38192484,88.63636363636364
AAPL,2025-04-03,Flat,0.38182732,84.57792207792207
ABBV,2025-03-28,Flat,0.3818343,84.90259740259741
ABBV,2025-04-01,Flat,0.38185823,86.09307359307358
ABBV,2025-04-02,Flat,0.38183156,84.68614718614718
ABBV,2025-04-03,Flat,0.38182503,84.36147186147186
ABNB,2025-03-28,Flat,0.37845498,62.93290043290043
ABNB,2025-04-01,Flat,0.3783779,62.22943722943724
ABNB,2025-04-02,Flat,0.378584,63.90692640692641
ABNB,2025-04-03,Flat,0.37812036,60.76839826839827
ACGL,2025-03-28,Flat,0.37685928,52.435064935064936
ACGL,2025-04-01,Flat,0.3769505,52.922077922077925
ACGL,2025-04-02,Flat,0.37698382,53.246753246753244
ACGL,2025-04-04,Flat,0.37661994,51.13636363636363
ACN,2025-03-28,Flat,0.3823937,99.40476190476191
ACN,2025-04-01,Flat,0.38236967,98.37662337662337
ACN,2025-04-02,Flat,0.38234255,97.94372294372295
ACN,2025-04-03,Flat,0.38239545,99.51298701298701
ADBE,2025-03-28,Flat,0.38012716,73.91774891774891
ADBE,2025-04-01,Flat,0.38053596,76.08225108225109
ADBE,2025-04-02,Flat,0.38024083,74.51298701298701
ADBE,2025-04-03,Flat,0.38087475,79.004329004329
ADI,2025-03-28,Flat,0.38181582,83.98268398268398
ADI,2025-04-01,Flat,0.38179037,83.33333333333334
ADI,2025-04-02,Flat,0.38180527,83.76623376623377
ADI,2025-04-03,Flat,0.3813419,81.65584415584416
ADM,2025-03-28,Flat,0.37429005,22.456709956709954
ADM,2025-04-01,Flat,0.37428328,22.294372294372295
ADM,2025-04-02,Flat,0.37429163,22.51082251082251
ADM,2025-04-03,Flat,0.37429446,22.564935064935064
ADP,2025-03-28,Flat,0.38240322,99.94588744588745
ADP,2025-04-01,Flat,0.3823857,99.13419913419914
ADP,2025-04-02,Flat,0.38238946,99.2965367965368
ADP,2025-04-04,Flat,0.38240173,99.83766233766234
ADSK,2025-03-31,Flat,0.38211113,94.04761904761905
ADSK,2025-04-01,Flat,0.38212767,94.26406926406926
ADSK,2025-04-02,Flat,0.3821585,95.40043290043289
ADSK,2025-04-04,Flat,0.38205385,92.91125541125541
AEE,2025-03-31,Flat,0.3772668,54.7077922077922
AEE,2025-04-01,Flat,0.37728965,54.761904761904766
AEE,2025-04-02,Flat,0.377324,54.92424242424242
AEE,2025-04-04,Flat,0.37738672,55.35714285714286
AEP,2025-03-28,Flat,0.3777401,57.14285714285714
AEP,2025-04-01,Flat,0.37782443,57.57575757575758
AEP,2025-04-02,Flat,0.37777668,57.35930735930735
AEP,2025-04-03,Flat,0.37789857,58.603896103896105
AES,2025-03-28,Flat,0.3727143,5.681818181818182
AES,2025-04-01,Flat,0.3727069,5.573593073593074
AES,2025-04-02,Flat,0.37271392,5.627705627705628
AES,2025-04-03,Flat,0.37269247,5.465367965367966
AFL,2025-03-28,Flat,0.37790895,58.658008658008654
AFL,2025-04-01,Flat,0.3780149,59.523809523809526
AFL,2025-04-02,Flat,0.37803805,59.79437229437229
AFL,2025-04-03,Flat,0.37806693,60.28138528138528
AIG,2025-03-28,Flat,0.37610912,47.07792207792208
AIG,2025-04-01,Flat,0.3762785,48.538961038961034
AIG,2025-04-02,Flat,0.3763203,48.86363636363637
AIG,2025-04-03,Flat,0.37629625,48.75541125541126
AIZ,2025-03-31,Flat,0.3818427,85.44372294372295
AIZ,2025-04-02,Flat,0.38185906,86.2012987012987
AIZ,2025-04-04,Flat,0.38162526,82.57575757575758
AJG,2025-03-31,Flat,0.38201508,91.504329004329
AJG,2025-04-01,Flat,0.38198495,90.6926406926407
AJG,2025-04-02,Flat,0.38203144,92.37012987012987
AJG,2025-04-04,Flat,0.38221514,96.37445887445888
AKAM,2025-03-28,Flat,0.37593305,44.642857142857146
AKAM,2025-04-01,Flat,0.37595007,45.02164502164502
AKAM,2025-04-02,Flat,0.37601855,45.616883116883116
AKAM,2025-04-04,Flat,0.37584618,43.83116883116883
ALB,2025-03-28,Flat,0.37551937,38.85281385281385
ALB,2025-04-01,Flat,0.37546456,37.98701298701299
ALB,2025-04-02,Flat,0.37558416,39.98917748917749
ALB,2025-04-03,Flat,0.37527144,34.523809523809526
ALGN,2025-03-31,Flat,0.38028485,74.78354978354979
ALGN,2025-04-01,Flat,0.380406,75.54112554112554
ALGN,2025-04-03,Flat,0.3803666,75.21645021645021
ALGN,2025-04-04,Flat,0.3799813,72.72727272727273
ALK,2025-03-28,Flat,0.37441432,23.91774891774892
ALK,2025-04-01,Flat,0.37427217,22.18614718614719
ALK,2025-04-02,Flat,0.37441835,23.971861471861473
ALK,2025-04-03,Flat,0.37424472,22.07792207792208
ALL,2025-03-31,Flat,0.3818379,85.17316017316018
ALL,2025-04-01,Flat,0.38184947,85.76839826839827
ALL,2025-04-02,Flat,0.38183862,85.22727272727273
ALL,2025-04-04,Flat,0.38182604,84.46969696969697
ALLE,2025-03-31,Flat,0.37879944,65.63852813852814
ALLE,2025-04-01,Flat,0.3789233,66.504329004329
ALLE,2025-04-02,Flat,0.37897795,66.991341991342
ALLE,2025-04-04,Flat,0.37869105,64.98917748917748
AMAT,2025-03-28,Flat,0.37965503,70.45454545454545
AMAT,2025-04-01,Flat,0.3795263,69.75108225108225
AMAT,2025-04-02,Flat,0.37973318,71.32034632034632
AMAT,2025-04-03,Flat,0.37923816,68.01948051948052
AMCR,2025-03-28,Flat,0.37259337,4.112554112554113
AMCR,2025-04-01,Flat,0.37259418,4.220779220779221
AMCR,2025-04-02,Flat,0.37259644,4.383116883116883
AMCR,2025-04-03,Flat,0.37259197,4.058441558441558
AMD,2025-03-28,Flat,0.37748668,56.16883116883117
AMD,2025-04-01,Flat,0.37738016,55.24891774891775
AMD,2025-04-02,Flat,0.3774769,56.060606060606055
AMD,2025-04-03,Flat,0.37689835,52.65151515151515
AME,2025-03-31,Flat,0.38079086,78.35497835497836
AME,2025-04-01,Flat,0.38091913,79.32900432900432
AME,2025-04-02,Flat,0.3808996,79.22077922077922
AME,2025-04-04,Flat,0.38012615,73.80952380952381
AMGN,2025-03-28,Flat,0.38238487,99.02597402597402
AMGN,2025-04-01,Flat,0.38237643,98.64718614718615
AMGN,2025-04-02,Flat,0.38239405,99.45887445887446
AMGN,2025-04-03,Flat,0.3823734,98.48484848484848
AMP,2025-03-31,Flat,0.3762471,48.268398268398265
AMP,2025-04-02,Flat,0.37569207,41.450216450216445
AMP,2025-04-04,Flat,0.3780378,59.74025974025974
AMT,2025-03-28,Flat,0.38187924,87.01298701298701
AMT,2025-04-01,Flat,0.38189998,87.98701298701299
AMT,2025-04-02,Flat,0.38189662,87.77056277056276
AMT,2025-04-03,Flat,0.3819358,89.12337662337663
AMZN,2025-03-28,Flat,0.38173574,82.90043290043289
AMZN,2025-04-01,Flat,0.38164353,82.73809523809523
AMZN,2025-04-02,Flat,0.38175544,83.06277056277057
AMZN,2025-04-03,Flat,0.38125238,81.22294372294373
ANET,2025-03-28,Flat,0.3758157,43.3982683982684
ANET,2025-04-01,Flat,0.37576422,42.803030303030305
ANET,2025-04-02,Flat,0.37595555,45.12987012987013
ANET,2025-04-03,Flat,0.3755577,39.285714285714285
ANSS,2025-03-31,Flat,0.38234383,97.9978354978355
ANSS,2025-04-03,Flat,0.38233495,97.72727272727273
ANSS,2025-04-04,Flat,0.38237438,98.59307359307358
AON,2025-03-31,Flat,0.37969887,71.04978354978356
AON,2025-04-01,Flat,0.3795547,69.91341991341992
AON,2025-04-03,Flat,0.37966487,70.67099567099568
AON,2025-04-04,Flat,0.38036686,75.27056277056276
AOS,2025-03-31,Flat,0.3751747,33.33333333333333
AOS,2025-04-01,Flat,0.3751915,33.549783549783555
AOS,2025-04-02,Flat,0.37520385,33.874458874458874
AOS,2025-04-04,Flat,0.37504083,31.655844155844154
APA,2025-03-28,Flat,0.37306827,9.36147186147186
APA,2025-04-01,Flat,0.3730628,9.253246753246753
APA,2025-04-02,Flat,0.37307382,9.523809523809524
APA,2025-04-03,Flat,0.37294665,8.333333333333332
APD,2025-03-31,Flat,0.3823496,98.10606060606061
APD,2025-04-01,Flat,0.38236144,98.21428571428571
APD,2025-04-03,Flat,0.38233703,97.83549783549783
APD,2025-04-04,Flat,0.38218156,95.88744588744589
APH,2025-03-28,Flat,0.37525225,34.25324675324675
APH,2025-04-01,Flat,0.37519464,33.65800865800866
APH,2025-04-02,Flat,0.37527615,34.68614718614719
APH,2025-04-03,Flat,0.37506846,31.980519480519483
APTV,2025-03-28,Flat,0.3749374,30.08658008658009
APTV,2025-04-01,Flat,0.37484536,28.40909090909091
APTV,2025-04-02,Flat,0.3749111,29.49134199134199
APTV,2025-04-03,Flat,0.37468338,26.2987012987013
ARE,2025-03-31,Flat,0.37673417,51.78571428571429
ARE,2025-04-01,Flat,0.37660676,51.082251082251084
ARE,2025-04-02,Flat,0.37663662,51.24458874458875
ARE,2025-04-04,Flat,0.37605813,46.374458874458874
ATO,2025-03-31,Flat,0.38010228,73.59307359307358
ATO,2025-04-01,Flat,0.38010055,73.53896103896103
ATO,2025-04-03,Flat,0.3802108,74.24242424242425
ATO,2025-04-04,Flat,0.3797774,71.75324675324676
AVB,2025-03-31,Flat,0.3818774,86.90476190476191
AVB,2025-04-02,Flat,0.38187778,86.95887445887446
AVB,2025-04-03,Flat,0.38183904,85.28138528138528
AVGO,2025-03-28,Flat,0.38075262,78.03030303030303
AVGO,2025-04-01,Flat,0.38062465,76.67748917748918
AVGO,2025-04-02,Flat,0.38088647,79.05844155844156
AVGO,2025-04-03,Flat,0.38023674,74.40476190476191
AVY,2025-03-31,Flat,0.38110086,80.35714285714286
AVY,2025-04-02,Flat,0.38118857,81.0064935064935
AVY,2025-04-03,Flat,0.38110366,80.41125541125541
AWK,2025-03-28,Flat,0.37971026,71.15800865800865
AWK,2025-04-01,Flat,0.3797142,71.26623376623377
AWK,2025-04-02,Flat,0.3796858,70.83333333333334
AWK,2025-04-04,Flat,0.38002697,72.94372294372295
AXON,2025-03-31,Flat,0.37459138,25.432900432900436
AXON,2025-04-01,Flat,0.37378567,17.316017316017316
AXON,2025-04-03,Flat,0.37346914,13.906926406926406
AZO,2025-04-01,Flat,0.35205612,0.16233766233766234
BA,2025-03-28,Flat,0.3809968,79.76190476190477
BA,2025-04-01,Flat,0.3806919,77.38095238095238
BA,2025-04-02,Flat,0.38072863,77.75974025974025
BA,2025-04-03,Flat,0.38007137,73.37662337662337
BAC,2025-03-28,Flat,0.37397668,19.426406926406926
BAC,2025-04-01,Flat,0.37397683,19.480519480519483
BAC,2025-04-02,Flat,0.3740023,20.075757575757574
BAC,2025-04-03,Flat,0.37381673,17.586580086580085
BALL,2025-03-28,Flat,0.37446553,24.18831168831169
BALL,2025-04-01,Flat,0.37450233,24.404761904761905
BALL,2025-04-02,Flat,0.3745033,24.458874458874458
BALL,2025-04-03,Flat,0.3744233,24.08008658008658
BAX,2025-03-28,Flat,0.3736337,15.530303030303031
BAX,2025-04-01,Flat,0.3736419,15.69264069264069
BAX,2025-04-02,Flat,0.3736272,15.422077922077923
BAX,2025-04-03,Flat,0.37353018,14.71861471861472
BBWI,2025-03-28,Flat,0.3735081,14.502164502164502
BBWI,2025-04-01,Flat,0.3734697,13.96103896103896
BBWI,2025-04-02,Flat,0.37351885,14.61038961038961
BBWI,2025-04-03,Flat,0.37337127,12.012987012987013
BBY,2025-03-28,Flat,0.37557197,39.66450216450216
BBY,2025-04-01,Flat,0.3756081,40.25974025974026
BBY,2025-04-02,Flat,0.37569144,41.396103896103895
BBY,2025-04-03,Flat,0.37505633,31.926406926406926
BDX,2025-03-28,Flat,0.3819409,89.28571428571429
BDX,2025-04-01,Flat,0.3819376,89.17748917748918
BDX,2025-04-02,Flat,0.38193214,89.06926406926407
BDX,2025-04-04,Flat,0.38189527,87.66233766233766
BEN,2025-03-28,Flat,0.37299985,8.766233766233766
BEN,2025-04-01,Flat,0.3729948,8.54978354978355
BEN,2025-04-02,Flat,0.37300187,8.82034632034632
BEN,2025-04-03,Flat,0.37295207,8.387445887445889
BIIB,2025-03-31,Flat,0.3792944,68.61471861471861
BIIB,2025-04-01,Flat,0.37915647,67.64069264069265
BIIB,2025-04-02,Flat,0.37893358,66.55844155844156
BIIB,2025-04-04,Flat,0.37874293,65.42207792207793
BIO,2025-03-31,Flat,0.38200188,91.01731601731602
BIO,2025-04-03,Flat,0.38201842,91.66666666666666
BK,2025-03-28,Flat,0.3760822,46.807359307359306
BK,2025-04-01,Flat,0.3760904,46.91558441558442
BK,2025-04-02,Flat,0.376141,47.51082251082251
BK,2025-04-03,Flat,0.37598535,45.2922077922078
BKNG,2025-03-31,Flat,0.34297913,0.05411255411255411
BKNG,2025-04-04,Flat,0.34457746,0.10822510822510822
BKR,2025-03-28,Flat,0.37406635,20.725108225108222
BKR,2025-04-01,Flat,0.37410498,20.88744588744589
BKR,2025-04-02,Flat,0.37413663,21.1038961038961
BKR,2025-04-03,Flat,0.3739581,19.20995670995671
BLDR,2025-03-31,Flat,0.37858406,63.961038961038966
BLDR,2025-04-01,Flat,0.3787175,65.15151515151516
BLDR,2025-04-02,Flat,0.37886217,66.01731601731602
BLDR,2025-04-04,Flat,0.37836474,62.121212121212125
BLK,2025-03-28,Flat,0.3602846,0.8658008658008658
BLK,2025-04-01,Flat,0.36038527,0.91991341991342
BLK,2025-04-03,Flat,0.3611177,1.2445887445887447
BMY,2025-03-28,Flat,0.37488246,28.95021645021645
BMY,2025-04-01,Flat,0.37492058,29.707792207792206
BMY,2025-04-02,Flat,0.37489107,29.166666666666668
BMY,2025-04-03,Flat,0.37485006,28.51731601731602
BR,2025-03-31,Flat,0.3820012,90.96320346320347
BR,2025-04-02,Flat,0.38202378,92.04545454545455
BR,2025-04-03,Flat,0.38200805,91.12554112554112
BRO,2025-03-31,Flat,0.3785646,63.74458874458875
BRO,2025-04-01,Flat,0.3786554,64.66450216450217
BRO,2025-04-02,Flat,0.3786249,64.28571428571429
BRO,2025-04-04,Flat,0.3786306,64.33982683982684
BSX,2025-03-28,Flat,0.37720585,54.43722943722944
BSX,2025-04-01,Flat,0.37725565,54.5995670995671
BSX,2025-04-02,Flat,0.37729213,54.816017316017316
BSX,2025-04-03,Flat,0.37721294,54.49134199134199
BWA,2025-03-28,Flat,0.373372,12.067099567099566
BWA,2025-04-01,Flat,0.37337777,12.121212121212121
BWA,2025-04-02,Flat,0.37341556,13.14935064935065
BWA,2025-04-03,Flat,0.3733348,11.580086580086581
BXP,2025-03-28,Flat,0.37528652,34.84848484848485
BXP,2025-04-01,Flat,0.37524575,34.14502164502164
BXP,2025-04-02,Flat,0.3752864,34.794372294372295
BXP,2025-04-04,Flat,0.37491554,29.653679653679653
C,2025-03-28,Flat,0.37542668,37.17532467532468
C,2025-04-01,Flat,0.37540638,36.634199134199136
C,2025-04-02,Flat,0.37548932,38.25757575757576
C,2025-04-03,Flat,0.3751044,32.57575757575758
CAG,2025-03-28,Flat,0.37330085,11.2012987012987
CAG,2025-04-01,Flat,0.37329918,11.147186147186147
CAG,2025-04-02,Flat,0.37329316,11.03896103896104
CAG,2025-04-03,Flat,0.37331277,11.363636363636363
CAH,2025-03-28,Flat,0.37918305,67.74891774891775
CAH,2025-04-01,Flat,0.37921333,67.85714285714286
CAH,2025-04-02,Flat,0.37931484,68.66883116883116
CAH,2025-04-04,Flat,0.37922922,67.96536796536796
CARR,2025-03-28,Flat,0.3750938,32.3051948051948
CARR,2025-04-01,Flat,0.37504587,31.818181818181817
CARR,2025-04-02,Flat,0.37513945,32.95454545454545
CARR,2025-04-03,Flat,0.3749744,30.41125541125541
CAT,2025-03-28,Flat,0.38226527,97.18614718614718
CAT,2025-04-01,Flat,0.3822855,97.40259740259741
CAT,2025-04-02,Flat,0.38222948,96.48268398268398
CAT,2025-04-03,Flat,0.38238373,98.97186147186147
CB,2025-03-31,Flat,0.38239726,99.62121212121212
CB,2025-04-01,Flat,0.38239694,99.56709956709958
CB,2025-04-02,Flat,0.38240266,99.89177489177489
CB,2025-04-04,Flat,0.38238055,98.80952380952381
CBOE,2025-03-31,Flat,0.38192707,88.7987012987013
CBOE,2025-04-01,Flat,0.3819258,88.74458874458875
CBOE,2025-04-03,Flat,0.38196567,89.98917748917748
CBOE,2025-04-04,Flat,0.3818881,87.44588744588745
CBRE,2025-03-28,Flat,0.37884235,65.9090909090909
CBRE,2025-04-01,Flat,0.3788628,66.07142857142857
CBRE,2025-04-02,Flat,0.37899122,67.09956709956711
CBRE,2025-04-03,Flat,0.37865067,64.55627705627705
CCI,2025-03-28,Flat,0.37747937,56.11471861471862
CCI,2025-04-01,Flat,0.37754363,56.493506493506494
CCI,2025-04-02,Flat,0.37751892,56.33116883116883
CCI,2025-04-03,Flat,0.3776472,57.03463203463204
CCL,2025-03-28,Flat,0.3730233,9.036796536796537
CCL,2025-04-01,Flat,0.3729901,8.495670995670995
CCL,2025-04-02,Flat,0.37301683,8.928571428571429
CCL,2025-04-03,Flat,0.3729261,8.170995670995671
CDNS,2025-03-28,Flat,0.38209566,93.83116883116884
CDNS,2025-04-01,Flat,0.38209197,93.66883116883116
CDNS,2025-04-02,Flat,0.38213187,94.42640692640693
CDNS,2025-04-04,Flat,0.3820405,92.8030303030303
CDW,2025-03-31,Flat,0.38043955,75.59523809523809
CDW,2025-04-01,Flat,0.38044998,75.75757575757575
CDW,2025-04-03,Flat,0.37998635,72.83549783549783
CDW,2025-04-04,Flat,0.3796279,70.23809523809523
CE,2025-03-28,Flat,0.37475982,27.326839826839826
CE,2025-04-01,Flat,0.37468594,26.406926406926406
CE,2025-04-02,Flat,0.37472108,26.83982683982684
CE,2025-04-03,Flat,0.37429747,22.727272727272727
CEG,2025-03-28,Flat,0.38183495,84.95670995670996
CEG,2025-04-01,Flat,0.38182077,84.14502164502164
CEG,2025-04-02,Flat,0.38186443,86.47186147186147
CEG,2025-04-03,Flat,0.38175398,83.008658008658
CF,2025-03-28,Flat,0.3757811,43.073593073593074
CF,2025-04-01,Flat,0.3758346,43.722943722943725
CF,2025-04-02,Flat,0.3759048,44.26406926406926
CF,2025-04-03,Flat,0.37595195,45.07575757575758
CFG,2025-03-28,Flat,0.37392932,18.66883116883117
CFG,2025-04-01,Flat,0.373938,18.939393939393938
CFG,2025-04-02,Flat,0.3739791,19.534632034632036
CFG,2025-04-03,Flat,0.373789,17.424242424242426
CHD,2025-03-31,Flat,0.37789726,58.495670995671
CHD,2025-04-01,Flat,0.37786475,58.17099567099567
CHD,2025-04-02,Flat,0.37779906,57.52164502164502
CHD,2025-04-04,Flat,0.37806275,60.11904761904761
CHRW,2025-03-28,Flat,0.3773532,55.14069264069265
CHRW,2025-04-01,Flat,0.37735125,55.086580086580085
CHRW,2025-04-02,Flat,0.37740144,55.49242424242424
CHRW,2025-04-04,Flat,0.37666225,51.35281385281385
CHTR,2025-03-28,Flat,0.38075826,78.0844155844156
CHTR,2025-04-01,Flat,0.38072562,77.7056277056277
CHTR,2025-04-03,Flat,0.38062832,76.73160173160173
CHTR,2025-04-04,Flat,0.38191462,88.52813852813853
CI,2025-03-31,Flat,0.38227585,97.2943722943723
CI,2025-04-01,Flat,0.3822426,96.8073593073593
CI,2025-04-02,Flat,0.38225242,96.96969696969697
CI,2025-04-04,Flat,0.38217965,95.77922077922078
CINF,2025-03-31,Flat,0.3796722,70.72510822510823
CINF,2025-04-01,Flat,0.37973672,71.37445887445888
CINF,2025-04-03,Flat,0.37961414,70.12987012987013
CL,2025-03-28,Flat,0.37668037,51.40692640692641
CL,2025-04-01,Flat,0.37676013,52.056277056277054
CL,2025-04-02,Flat,0.37670636,51.62337662337663
CL,2025-04-03,Flat,0.3769648,52.976190476190474
CLX,2025-03-28,Flat,0.3796871,70.94155844155844
CLX,2025-04-01,Flat,0.37973964,71.48268398268398
CLX,2025-04-02,Flat,0.37971336,71.21212121212122
CLX,2025-04-04,Flat,0.37987292,72.2943722943723
CMA,2025-03-31,Flat,0.3748404,28.246753246753247
CMA,2025-04-01,Flat,0.3748402,28.19264069264069
CMA,2025-04-02,Flat,0.37485474,28.57142857142857
CMA,2025-04-04,Flat,0.37448686,24.296536796536795
CMCSA,2025-03-28,Flat,0.3737713,17.045454545454543
CMCSA,2025-04-01,Flat,0.37376857,16.99134199134199
CMCSA,2025-04-02,Flat,0.37374955,16.82900432900433
CMCSA,2025-04-03,Flat,0.37374106,16.61255411255411
CME,2025-03-28,Flat,0.38213274,94.53463203463204
CME,2025-04-01,Flat,0.38213587,94.91341991341992
CME,2025-04-02,Flat,0.38213208,94.48051948051948
CME,2025-04-03,Flat,0.3821675,95.508658008658
CMG,2025-03-28,Flat,0.3743998,23.755411255411254
CMG,2025-04-01,Flat,0.3744213,24.025974025974026
CMG,2025-04-02,Flat,0.3744902,24.350649350649352
CMG,2025-04-03,Flat,0.37441283,23.863636363636363
CMI,2025-03-28,Flat,0.38236284,98.26839826839827
CMI,2025-04-01,Flat,0.38234246,97.8896103896104
CMI,2025-04-03,Flat,0.38240674,100.0
CMI,2025-04-04,Flat,0.38225526,97.02380952380952
CMS,2025-03-28,Flat,0.3756478,40.8008658008658
CMS,2025-04-01,Flat,0.3756722,41.01731601731602
CMS,2025-04-02,Flat,0.37566653,40.96320346320346
CMS,2025-04-03,Flat,0.3757174,41.93722943722944
CNC,2025-03-28,Flat,0.3749123,29.545454545454547
CNC,2025-04-01,Flat,0.37492934,29.87012987012987
CNC,2025-04-02,Flat,0.37492958,29.924242424242426
CNC,2025-04-03,Flat,0.37508816,32.196969696969695
CNP,2025-03-28,Flat,0.37374657,16.774891774891778
CNP,2025-04-01,Flat,0.37376723,16.937229437229437
CNP,2025-04-02,Flat,0.37378106,17.153679653679653
CNP,2025-04-03,Flat,0.37380856,17.532467532467532
COF,2025-03-28,Flat,0.38095412,79.54545454545455
COF,2025-04-01,Flat,0.38110453,80.46536796536796
COF,2025-04-02,Flat,0.3813275,81.54761904761905
COF,2025-04-03,Flat,0.3806798,77.27272727272727
COO,2025-03-28,Flat,0.37613073,47.34848484848485
COO,2025-04-01,Flat,0.37606955,46.75324675324675
COO,2025-04-02,Flat,0.37602538,45.67099567099567
COO,2025-04-04,Flat,0.3757877,43.18181818181818
COP,2025-03-28,Flat,0.37741485,55.600649350649356
COP,2025-04-01,Flat,0.37756887,56.6017316017316
COP,2025-04-02,Flat,0.37763667,56.980519480519476
COP,2025-04-03,Flat,0.37693757,52.81385281385281
COR,2025-03-31,Flat,0.38223407,96.5909090909091
COR,2025-04-01,Flat,0.38224402,96.86147186147186
COR,2025-04-02,Flat,0.3822422,96.75324675324676
COR,2025-04-04,Flat,0.38236538,98.32251082251082
COST,2025-03-28,Flat,0.36058813,1.0822510822510822
COST,2025-04-01,Flat,0.3601826,0.8116883116883116
COST,2025-04-02,Flat,0.36000258,0.7575757575757576
COST,2025-04-04,Flat,0.35999766,0.7034632034632035
CPB,2025-03-28,Flat,0.37390965,18.344155844155843
CPB,2025-04-01,Flat,0.37391213,18.398268398268396
CPB,2025-04-02,Flat,0.37389785,18.235930735930737
CPB,2025-04-03,Flat,0.3739156,18.506493506493506
CPRT,2025-03-28,Flat,0.37465394,26.190476190476193
CPRT,2025-04-01,Flat,0.37471643,26.731601731601735
CPRT,2025-04-02,Flat,0.37478268,27.5974025974026
CPRT,2025-04-03,Flat,0.37475306,27.27272727272727
CPT,2025-03-31,Flat,0.37857723,63.85281385281385
CPT,2025-04-01,Flat,0.37849665,63.25757575757576
CPT,2025-04-03,Flat,0.3784796,63.095238095238095
CPT,2025-04-04,Flat,0.37810174,60.60606060606061
CRL,2025-03-31,Flat,0.3801116,73.64718614718615
CRL,2025-04-01,Flat,0.37990293,72.34848484848484
CRL,2025-04-02,Flat,0.37981474,71.9155844155844
CRL,2025-04-04,Flat,0.37929335,68.56060606060606
CRM,2025-03-28,Flat,0.3821726,95.61688311688312
CRM,2025-04-01,Flat,0.38215834,95.34632034632034
CRM,2025-04-02,Flat,0.38218078,95.83333333333334
CRM,2025-04-03,Flat,0.38211012,93.9935064935065
CSCO,2025-03-28,Flat,0.37494302,30.1948051948052
CSCO,2025-04-01,Flat,0.37497348,30.357142857142854
CSCO,2025-04-02,Flat,0.37498447,30.735930735930733
CSCO,2025-04-03,Flat,0.374813,27.976190476190478
CSGP,2025-03-28,Flat,0.37588677,44.047619047619044
CSGP,2025-04-01,Flat,0.37588984,44.15584415584416
CSGP,2025-04-02,Flat,0.37593633,44.8051948051948
CSGP,2025-04-03,Flat,0.37576222,42.74891774891775
CSX,2025-03-28,Flat,0.3734227,13.257575757575758
CSX,2025-04-01,Flat,0.37342334,13.311688311688311
CSX,2025-04-02,Flat,0.3734413,13.582251082251082
CSX,2025-04-03,Flat,0.3733815,12.337662337662337
CTAS,2025-03-28,Flat,0.38182443,84.3073593073593
CTAS,2025-04-01,Flat,0.3818369,85.01082251082252
CTAS,2025-04-02,Flat,0.38184735,85.4978354978355
CTAS,2025-04-04,Flat,0.38181928,84.03679653679653
CTRA,2025-03-28,Flat,0.37339246,12.662337662337661
CTRA,2025-04-01,Flat,0.37340653,12.824675324675324
CTRA,2025-04-02,Flat,0.37341127,12.987012987012985
CTRA,2025-04-03,Flat,0.37334493,11.688311688311687
CTSH,2025-03-28,Flat,0.3757211,42.04545454545455
CTSH,2025-04-01,Flat,0.37572718,42.26190476190476
CTSH,2025-04-02,Flat,0.37576112,42.6948051948052
CTSH,2025-04-03,Flat,0.37563765,40.74675324675325
CTVA,2025-03-28,Flat,0.3749607,30.303030303030305
CTVA,2025-04-01,Flat,0.37504393,31.764069264069267
CTVA,2025-04-02,Flat,0.3750946,32.41341991341991
CTVA,2025-04-03,Flat,0.3749979,30.952380952380953
CVS,2025-03-28,Flat,0.37525484,34.41558441558442
CVS,2025-04-01,Flat,0.37528893,34.9025974025974
CVS,2025-04-02,Flat,0.37531504,35.38961038961039
CVS,2025-04-03,Flat,0.3753557,35.984848484848484
CVX,2025-03-28,Flat,0.38067198,77.16450216450217
CVX,2025-04-01,Flat,0.38070065,77.59740259740259
CVX,2025-04-02,Flat,0.38070443,77.65151515151516
CVX,2025-04-03,Flat,0.38024783,74.56709956709958
CW,2025-03-31,Flat,0.3823786,98.75541125541125
CW,2025-04-03,Flat,0.38238826,99.24242424242425
D,2025-03-28,Flat,0.37466457,26.244588744588743
D,2025-04-01,Flat,0.3747014,26.56926406926407
D,2025-04-02,Flat,0.3747106,26.67748917748918
D,2025-04-03,Flat,0.37472722,26.948051948051948
DAL,2025-03-28,Flat,0.37410614,20.941558441558442
DAL,2025-04-01,Flat,0.37398526,19.696969696969695
DAL,2025-04-02,Flat,0.37406665,20.77922077922078
DAL,2025-04-03,Flat,0.37388653,18.073593073593074
DD,2025-03-28,Flat,0.37562898,40.53030303030303
DD,2025-04-01,Flat,0.37565017,40.85497835497836
DD,2025-04-02,Flat,0.37570548,41.72077922077922
DD,2025-04-03,Flat,0.3753297,35.60606060606061
DE,2025-03-31,Flat,0.3769486,52.86796536796536
DE,2025-04-01,Flat,0.37623772,48.214285714285715
DE,2025-04-02,Flat,0.3766286,51.19047619047619
DE,2025-04-04,Flat,0.37827498,61.471861471861466
DFS,2025-03-31,Flat,0.38044214,75.64935064935064
DFS,2025-04-01,Flat,0.38081396,78.57142857142857
DFS,2025-04-02,Flat,0.38108683,80.14069264069265
DFS,2025-04-03,Flat,0.3804929,75.91991341991343
DG,2025-03-28,Flat,0.3762315,48.10606060606061
DG,2025-04-01,Flat,0.37635657,49.24242424242424
DG,2025-04-02,Flat,0.37641317,50.10822510822511
DG,2025-04-03,Flat,0.3767568,52.002164502164504
DGX,2025-03-31,Flat,0.38077432,78.1926406926407
DGX,2025-04-01,Flat,0.38083643,78.78787878787878
DGX,2025-04-02,Flat,0.3807468,77.97619047619048
DGX,2025-04-04,Flat,0.38086036,78.95021645021644
DHI,2025-03-28,Flat,0.37871018,65.09740259740259
DHI,2025-04-01,Flat,0.37871945,65.2056277056277
DHI,2025-04-02,Flat,0.378737,65.36796536796537
DHI,2025-04-03,Flat,0.3785638,63.69047619047619
DHR,2025-03-28,Flat,0.3818378,85.11904761904762
DHR,2025-04-01,Flat,0.38182414,84.25324675324676
DHR,2025-04-02,Flat,0.38182625,84.52380952380952
DHR,2025-04-03,Flat,0.38179243,83.44155844155844
DIS,2025-03-28,Flat,0.3771261,54.166666666666664
DIS,2025-04-01,Flat,0.3770804,53.67965367965368
DIS,2025-04-02,Flat,0.37710842,54.004329004329
DIS,2025-04-03,Flat,0.3764825,50.43290043290043
DLR,2025-03-28,Flat,0.3793901,68.88528138528139
DLR,2025-04-01,Flat,0.37952602,69.6969696969697
DLR,2025-04-02,Flat,0.37978804,71.8073593073593
DLR,2025-04-03,Flat,0.37942523,69.20995670995671
DLTR,2025-03-28,Flat,0.37555015,39.17748917748918
DLTR,2025-04-01,Flat,0.37572104,41.99134199134199
DLTR,2025-04-02,Flat,0.37582633,43.506493506493506
DLTR,2025-04-03,Flat,0.37537533,36.30952380952381
DOV,2025-03-31,Flat,0.38093412,79.43722943722943
DOV,2025-04-01,Flat,0.38109925,80.24891774891775
DOV,2025-04-02,Flat,0.3811786,80.8982683982684
DOV,2025-04-04,Flat,0.38014212,73.97186147186147
DOW,2025-03-28,Flat,0.37365672,15.800865800865802
DOW,2025-04-01,Flat,0.37365597,15.746753246753247
DOW,2025-04-02,Flat,0.37368038,16.017316017316016
DOW,2025-04-03,Flat,0.37354022,14.772727272727273
DPZ,2025-03-31,Flat,0.37735444,55.1948051948052
DPZ,2025-04-01,Flat,0.3768988,52.70562770562771
DPZ,2025-04-03,Flat,0.3768264,52.32683982683982
DRI,2025-03-28,Flat,0.3818329,84.74025974025975
DRI,2025-04-01,Flat,0.3818399,85.33549783549783
DRI,2025-04-02,Flat,0.38184917,85.66017316017316
DRI,2025-04-04,Flat,0.3817613,83.11688311688312
DTE,2025-03-28,Flat,0.37920976,67.8030303030303
DTE,2025-04-01,Flat,0.3792604,68.23593073593074
DTE,2025-04-02,Flat,0.3792613,68.29004329004329
DTE,2025-04-04,Flat,0.3792407,68.07359307359307
DUK,2025-03-28,Flat,0.3784105,62.55411255411255
DUK,2025-04-01,Flat,0.378494,63.20346320346321
DUK,2025-04-02,Flat,0.37845844,63.041125541125545
DUK,2025-04-03,Flat,0.37862372,64.23160173160173
DVA,2025-03-31,Flat,0.37994313,72.56493506493507
DVA,2025-04-01,Flat,0.37995616,72.67316017316018
DVA,2025-04-03,Flat,0.3800745,73.43073593073593
DVA,2025-04-04,Flat,0.37986207,72.24025974025975
DVN,2025-03-28,Flat,0.37377203,17.0995670995671
DVN,2025-04-01,Flat,0.37378448,17.261904761904763
DVN,2025-04-02,Flat,0.37381685,17.64069264069264
DVN,2025-04-03,Flat,0.37361956,15.313852813852813
DXC,2025-03-28,Flat,0.37290293,8.008658008658008
DXC,2025-04-01,Flat,0.37291867,8.116883116883116
DXC,2025-04-02,Flat,0.37292868,8.225108225108226
DXC,2025-04-04,Flat,0.3728339,7.142857142857142
DXCM,2025-03-28,Flat,0.3753044,35.22727272727273
DXCM,2025-04-01,Flat,0.37525347,34.36147186147186
DXCM,2025-04-02,Flat,0.3752975,35.064935064935064
DXCM,2025-04-03,Flat,0.37500843,31.222943722943725
EA,2025-03-28,Flat,0.3796283,70.29220779220779
EA,2025-04-01,Flat,0.3796061,70.07575757575758
EA,2025-04-02,Flat,0.37959197,70.02164502164501
EA,2025-04-03,Flat,0.37965715,70.508658008658
EBAY,2025-03-28,Flat,0.37527463,34.63203463203463
EBAY,2025-04-01,Flat,0.37531424,35.33549783549784
EBAY,2025-04-02,Flat,0.3753169,35.55194805194805
EBAY,2025-04-03,Flat,0.3752532,34.307359307359306
ECL,2025-03-31,Flat,0.3820581,93.01948051948052
ECL,2025-04-01,Flat,0.3820834,93.5064935064935
ECL,2025-04-02,Flat,0.38207215,93.34415584415584
ECL,2025-04-04,Flat,0.38204277,92.85714285714286
ED,2025-03-28,Flat,0.37785456,58.06277056277056
ED,2025-04-01,Flat,0.37793216,58.82034632034632
ED,2025-04-02,Flat,0.37789178,58.387445887445885
ED,2025-04-03,Flat,0.378084,60.3896103896104
EFX,2025-03-28,Flat,0.38201025,91.23376623376623
EFX,2025-04-01,Flat,0.3820191,91.72077922077922
EFX,2025-04-03,Flat,0.3820173,91.61255411255411
EFX,2025-04-04,Flat,0.38190007,88.04112554112554
EG,2025-03-28,Flat,0.3811436,80.79004329004329
EG,2025-04-02,Flat,0.38112354,80.51948051948052
EG,2025-04-04,Flat,0.3821014,93.88528138528139
EIX,2025-03-28,Flat,0.37480754,27.92207792207792
EIX,2025-04-01,Flat,0.37484553,28.463203463203463
EIX,2025-04-02,Flat,0.37490454,29.43722943722944
EIX,2025-04-03,Flat,0.37484494,28.354978354978357
EL,2025-03-28,Flat,0.37519348,33.603896103896105
EL,2025-04-01,Flat,0.3752594,34.46969696969697
EL,2025-04-02,Flat,0.3753373,35.768398268398265
EL,2025-04-03,Flat,0.3748706,28.841991341991342
ELV,2025-03-28,Flat,0.37808132,60.33549783549783
ELV,2025-04-01,Flat,0.3781127,60.66017316017316
ELV,2025-04-02,Flat,0.3783138,61.68831168831169
ELV,2025-04-04,Flat,0.37757397,56.65584415584416
EMN,2025-03-31,Flat,0.37628806,48.59307359307359
EMN,2025-04-01,Flat,0.3763619,49.35064935064935
EMN,2025-04-03,Flat,0.37634853,49.188311688311686
EMN,2025-04-04,Flat,0.37574697,42.532467532467535
EMR,2025-03-28,Flat,0.37783587,57.62987012987013
EMR,2025-04-01,Flat,0.37784946,57.84632034632035
EMR,2025-04-02,Flat,0.3779744,59.19913419913419
EMR,2025-04-03,Flat,0.37744159,55.84415584415584
ENPH,2025-03-28,Flat,0.3750281,31.493506493506494
ENPH,2025-04-01,Flat,0.37489998,29.274891774891778
ENPH,2025-04-02,Flat,0.37507215,32.03463203463203
ENPH,2025-04-03,Flat,0.37484348,28.3008658008658
EOG,2025-03-28,Flat,0.37872732,65.25974025974025
EOG,2025-04-01,Flat,0.3787855,65.47619047619048
EOG,2025-04-02,Flat,0.3788824,66.17965367965368
EOG,2025-04-03,Flat,0.37845618,62.98701298701299
EPAM,2025-03-31,Flat,0.3806958,77.43506493506493
EPAM,2025-04-01,Flat,0.3806966,77.48917748917748
EPAM,2025-04-03,Flat,0.38026088,74.72943722943724
EQIX,2025-03-31,Flat,0.36405888,1.5692640692640691
EQIX,2025-04-02,Flat,0.36372977,1.406926406926407
EQIX,2025-04-04,Flat,0.36432183,1.6774891774891776
EQR,2025-03-28,Flat,0.37548712,38.20346320346321
EQR,2025-04-01,Flat,0.37547868,38.14935064935065
EQR,2025-04-02,Flat,0.3754941,38.41991341991342
EQR,2025-04-04,Flat,0.37527955,34.74025974025974
EQT,2025-03-28,Flat,0.3745399,25.0
EQT,2025-04-01,Flat,0.37458235,25.37878787878788
EQT,2025-04-02,Flat,0.37463132,25.865800865800864
EQT,2025-04-03,Flat,0.37451854,24.729437229437227
ES,2025-03-28,Flat,0.37498054,30.627705627705627
ES,2025-04-01,Flat,0.37500766,31.16883116883117
ES,2025-04-02,Flat,0.37502214,31.439393939393938
ES,2025-04-03,Flat,0.3750101,31.33116883116883
ESS,2025-03-31,Flat,0.38239366,99.35064935064936
ESS,2025-04-03,Flat,0.3824015,99.78354978354979
ETN,2025-03-28,Flat,0.38219404,96.1038961038961
ETN,2025-04-01,Flat,0.3821873,95.94155844155844
ETN,2025-04-02,Flat,0.38226083,97.07792207792207
ETN,2025-04-03,Flat,0.3821357,94.85930735930735
ETR,2025-03-28,Flat,0.376163,47.61904761904761
ETR,2025-04-01,Flat,0.37620282,47.88961038961039
ETR,2025-04-02,Flat,0.37625524,48.32251082251082
ETR,2025-04-03,Flat,0.3762347,48.16017316017316
ETSY,2025-03-28,Flat,0.37423584,21.96969696969697
ETSY,2025-04-01,Flat,0.37428704,22.4025974025974
ETSY,2025-04-02,Flat,0.37440285,23.809523809523807
ETSY,2025-04-03,Flat,0.3743082,22.78138528138528
EVRG,2025-03-28,Flat,0.37531665,35.4978354978355
EVRG,2025-04-01,Flat,0.37534928,35.93073593073593
EVRG,2025-04-02,Flat,0.37537643,36.36363636363637
EVRG,2025-04-04,Flat,0.37536272,36.14718614718615
EW,2025-03-28,Flat,0.37546778,38.041125541125545
EW,2025-04-01,Flat,0.3755044,38.74458874458874
EW,2025-04-02,Flat,0.37552014,38.90692640692641
EW,2025-04-03,Flat,0.37557083,39.61038961038961
EXC,2025-03-28,Flat,0.37415147,21.21212121212121
EXC,2025-04-01,Flat,0.3742047,21.645021645021643
EXC,2025-04-02,Flat,0.37420955,21.6991341991342
EXC,2025-04-03,Flat,0.37427455,22.24025974025974
EXPD,2025-03-31,Flat,0.37843144,62.77056277056276
EXPD,2025-04-01,Flat,0.37850362,63.41991341991342
EXPD,2025-04-02,Flat,0.37849927,63.36580086580087
EXPD,2025-04-04,Flat,0.3778718,58.27922077922077
EXPE,2025-03-28,Flat,0.3807382,77.81385281385282
EXPE,2025-04-01,Flat,0.3805959,76.56926406926407
EXPE,2025-04-02,Flat,0.38074192,77.86796536796537
EXPE,2025-04-03,Flat,0.38006523,73.32251082251082
EXR,2025-03-31,Flat,0.37975252,71.64502164502164
EXR,2025-04-01,Flat,0.37973762,71.42857142857143
EXR,2025-04-03,Flat,0.37964967,70.40043290043289
EXR,2025-04-04,Flat,0.37941414,68.9935064935065
F,2025-03-28,Flat,0.3725963,4.329004329004329
F,2025-04-01,Flat,0.37260798,4.437229437229438
F,2025-04-02,Flat,0.3726166,4.545454545454546
F,2025-04-03,Flat,0.37259564,4.274891774891775
FANG,2025-03-28,Flat,0.3802373,74.45887445887446
FANG,2025-04-01,Flat,0.38032177,75.10822510822511
FANG,2025-04-02,Flat,0.38045844,75.81168831168831
FANG,2025-04-03,Flat,0.37950298,69.58874458874459
FAST,2025-03-28,Flat,0.3757347,42.316017316017316
FAST,2025-04-01,Flat,0.37576684,42.96536796536797
FAST,2025-04-02,Flat,0.37582254,43.452380952380956
FAST,2025-04-03,Flat,0.37583,43.61471861471862
FCX,2025-03-28,Flat,0.37386218,17.91125541125541
FCX,2025-04-01,Flat,0.37380102,17.47835497835498
FCX,2025-04-02,Flat,0.37383047,17.803030303030305
FCX,2025-04-03,Flat,0.37364066,15.638528138528137
FDS,2025-03-31,Flat,0.37741485,55.600649350649356
FDS,2025-04-03,Flat,0.37740144,55.49242424242424
FDX,2025-03-28,Flat,0.38201556,91.55844155844156
FDX,2025-04-01,Flat,0.382013,91.28787878787878
FDX,2025-04-02,Flat,0.38203093,92.31601731601732
FDX,2025-04-03,Flat,0.3818834,87.28354978354979
FE,2025-03-28,Flat,0.37393013,18.72294372294372
FE,2025-04-01,Flat,0.3739302,18.77705627705628
FE,2025-04-02,Flat,0.37394416,19.047619047619047
FE,2025-04-03,Flat,0.37398115,19.642857142857142
FFIV,2025-03-31,Flat,0.38212895,94.31818181818183
FFIV,2025-04-02,Flat,0.3821909,96.04978354978356
FFIV,2025-04-04,Flat,0.38201395,91.3961038961039
FIS,2025-03-28,Flat,0.37560987,40.31385281385281
FIS,2025-04-01,Flat,0.37563515,40.58441558441558
FIS,2025-04-02,Flat,0.3756977,41.612554112554115
FIS,2025-04-03,Flat,0.3756952,41.55844155844156
FITB,2025-03-28,Flat,0.37386805,17.965367965367964
FITB,2025-04-01,Flat,0.37385654,17.857142857142858
FITB,2025-04-02,Flat,0.37388882,18.12770562770563
FITB,2025-04-03,Flat,0.37374035,16.504329004329005
FL,2025-03-28,Flat,0.3727976,6.4393939393939394
FL,2025-04-01,Flat,0.37278903,6.1688311688311686
FL,2025-04-02,Flat,0.3728093,6.6017316017316015
FL,2025-04-03,Flat,0.37270364,5.51948051948052
FMC,2025-03-28,Flat,0.37401283,20.183982683982684
FMC,2025-04-01,Flat,0.3740315,20.29220779220779
FMC,2025-04-02,Flat,0.3740345,20.454545454545457
FMC,2025-04-03,Flat,0.37388006,18.019480519480517
FOX,2025-03-31,Flat,0.37447038,24.242424242424242
FOX,2025-04-01,Flat,0.37451786,24.675324675324674
FOX,2025-04-03,Flat,0.3745088,24.567099567099568
FOX,2025-04-04,Flat,0.37423488,21.915584415584416
FOXA,2025-03-28,Flat,0.37463367,25.97402597402597
FOXA,2025-04-01,Flat,0.37468722,26.461038961038962
FOXA,2025-04-02,Flat,0.3747394,27.164502164502164
FOXA,2025-04-03,Flat,0.3745702,25.270562770562773
FRT,2025-03-31,Flat,0.37704167,53.46320346320347
FRT,2025-04-01,Flat,0.3769696,53.08441558441559
FRT,2025-04-03,Flat,0.3768038,52.21861471861472
FRT,2025-04-04,Flat,0.37654135,50.70346320346321
FTNT,2025-03-28,Flat,0.37697354,53.13852813852814
FTNT,2025-04-01,Flat,0.37688395,52.54329004329005
FTNT,2025-04-02,Flat,0.37706786,53.51731601731602
FTNT,2025-04-03,Flat,0.37646338,50.378787878787875
FTV,2025-03-28,Flat,0.37555823,39.39393939393939
FTV,2025-04-01,Flat,0.37557268,39.71861471861472
FTV,2025-04-02,Flat,0.37563652,40.692640692640694
FTV,2025-04-03,Flat,0.3753166,35.443722943722946
GD,2025-03-31,Flat,0.3821773,95.72510822510823
GD,2025-04-01,Flat,0.38219875,96.26623376623377
GD,2025-04-02,Flat,0.38221866,96.42857142857143
GD,2025-04-04,Flat,0.38211867,94.15584415584416
GE,2025-03-28,Flat,0.38180536,83.82034632034632
GE,2025-04-01,Flat,0.38181064,83.87445887445888
GE,2025-04-02,Flat,0.38181427,83.92857142857143
GE,2025-04-03,Flat,0.38166288,82.79220779220779
GEHC,2025-03-28,Flat,0.37594435,44.967532467532465
GEHC,2025-04-01,Flat,0.37595564,45.183982683982684
GEHC,2025-04-02,Flat,0.37591696,44.426406926406926
GEHC,2025-04-03,Flat,0.37549743,38.52813852813853
GEN,2025-03-28,Flat,0.3732956,11.093073593073594
GEN,2025-04-01,Flat,0.3732869,10.768398268398268
GEN,2025-04-02,Flat,0.3733192,11.417748917748918
GEN,2025-04-03,Flat,0.37328643,10.714285714285714
GILD,2025-03-28,Flat,0.3780309,59.68614718614719
GILD,2025-04-01,Flat,0.37799853,59.46969696969697
GILD,2025-04-02,Flat,0.37797678,59.307359307359306
GILD,2025-04-03,Flat,0.37809,60.443722943722946
GIS,2025-03-28,Flat,0.37486807,28.733766233766232
GIS,2025-04-01,Flat,0.37490234,29.383116883116884
GIS,2025-04-02,Flat,0.37486997,28.78787878787879
GIS,2025-04-03,Flat,0.3749464,30.248917748917748
GL,2025-03-31,Flat,0.37890083,66.3961038961039
GL,2025-04-01,Flat,0.3789532,66.66666666666666
GL,2025-04-03,Flat,0.37881532,65.74675324675324
GLW,2025-03-28,Flat,0.3741941,21.59090909090909
GLW,2025-04-01,Flat,0.37416455,21.374458874458874
GLW,2025-04-02,Flat,0.37422058,21.80735930735931
GLW,2025-04-03,Flat,0.37403852,20.50865800865801
GM,2025-03-28,Flat,0.3742317,21.861471861471863
GM,2025-04-01,Flat,0.37424278,22.023809523809522
GM,2025-04-02,Flat,0.37429476,22.61904761904762
GM,2025-04-03,Flat,0.37421516,21.753246753246753
GNRC,2025-03-31,Flat,0.37867776,64.93506493506493
GNRC,2025-04-01,Flat,0.37864524,64.5021645021645
GNRC,2025-04-03,Flat,0.37828344,61.52597402597403
GNRC,2025-04-04,Flat,0.37795112,59.09090909090909
GOOG,2025-03-28,Flat,0.38021398,74.2965367965368
GOOG,2025-04-01,Flat,0.3802586,74.67532467532467
GOOG,2025-04-02,Flat,0.38032565,75.16233766233766
GOOG,2025-04-03,Flat,0.38005686,73.21428571428571
GOOGL,2025-03-28,Flat,0.3801251,73.75541125541125
GOOGL,2025-04-01,Flat,0.38017103,74.13419913419914
GOOGL,2025-04-02,Flat,0.3802273,74.35064935064936
GOOGL,2025-04-03,Flat,0.3799554,72.61904761904762
GPC,2025-03-31,Flat,0.37835273,62.01298701298701
GPC,2025-04-01,Flat,0.37834734,61.904761904761905
GPC,2025-04-02,Flat,0.37843302,62.824675324675326
GPC,2025-04-04,Flat,0.37837934,62.28354978354979
GPN,2025-03-28,Flat,0.37708396,53.73376623376623
GPN,2025-04-01,Flat,0.37709194,53.841991341991346
GPN,2025-04-02,Flat,0.37722585,54.54545454545454
GPN,2025-04-03,Flat,0.37674838,51.89393939393939
GRMN,2025-03-31,Flat,0.38187987,87.06709956709958
GRMN,2025-04-01,Flat,0.38188323,87.22943722943724
GRMN,2025-04-03,Flat,0.38141674,81.92640692640693
GRMN,2025-04-04,Flat,0.38120994,81.11471861471861
GS,2025-03-28,Flat,0.3736175,15.205627705627705
GS,2025-04-01,Flat,0.37378228,17.20779220779221
GS,2025-04-02,Flat,0.37288094,7.846320346320345
GS,2025-04-03,Flat,0.37454668,25.054112554112557
GWW,2025-04-01,Flat,0.35970443,0.5952380952380952
GWW,2025-04-03,Flat,0.35996687,0.6493506493506493
HAL,2025-03-28,Flat,0.37323457,10.281385281385282
HAL,2025-04-01,Flat,0.3732384,10.38961038961039
HAL,2025-04-02,Flat,0.37325326,10.443722943722944
HAL,2025-04-03,Flat,0.37313643,9.902597402597403
HAS,2025-03-28,Flat,0.37493706,30.032467532467532
HAS,2025-04-01,Flat,0.37500224,31.006493506493506
HAS,2025-04-02,Flat,0.375032,31.601731601731604
HAS,2025-04-04,Flat,0.3745586,25.216450216450216
HBAN,2025-03-28,Flat,0.37281066,6.764069264069264
HBAN,2025-04-01,Flat,0.3728095,6.6558441558441555
HBAN,2025-04-02,Flat,0.37282285,6.98051948051948
HBAN,2025-04-03,Flat,0.37276703,5.844155844155844
HCA,2025-03-31,Flat,0.3820824,93.45238095238095
HCA,2025-04-01,Flat,0.3818729,86.7965367965368
HCA,2025-04-02,Flat,0.38191843,88.58225108225109
HCA,2025-04-04,Flat,0.3819805,90.53030303030303
HD,2025-03-28,Flat,0.38135695,81.76406926406926
HD,2025-04-01,Flat,0.38113397,80.62770562770562
HD,2025-04-02,Flat,0.38089997,79.27489177489177
HD,2025-04-03,Flat,0.38144058,82.14285714285714
HES,2025-03-28,Flat,0.38031477,75.0
HES,2025-04-01,Flat,0.38036847,75.32467532467533
HES,2025-04-02,Flat,0.38040212,75.48701298701299
HES,2025-04-03,Flat,0.37984487,72.07792207792207
HIG,2025-03-31,Flat,0.37857133,63.798701298701296
HIG,2025-04-01,Flat,0.37863758,64.44805194805194
HIG,2025-04-02,Flat,0.37863198,64.39393939393939
HIG,2025-04-04,Flat,0.37842402,62.71645021645021
HII,2025-03-28,Flat,0.38183343,84.7943722943723
HII,2025-04-01,Flat,0.38182575,84.4155844155844
HII,2025-04-03,Flat,0.381802,83.65800865800865
HII,2025-04-04,Flat,0.3815495,82.3051948051948
HLT,2025-03-28,Flat,0.38192916,88.90692640692642
HLT,2025-04-01,Flat,0.381932,89.01515151515152
HLT,2025-04-02,Flat,0.381957,89.66450216450217
HLT,2025-04-03,Flat,0.38189188,87.55411255411255
HOLX,2025-03-28,Flat,0.374979,30.573593073593074
HOLX,2025-04-01,Flat,0.37497774,30.519480519480517
HOLX,2025-04-02,Flat,0.37494034,30.14069264069264
HOLX,2025-04-04,Flat,0.37498057,30.681818181818183
HON,2025-03-28,Flat,0.38185948,86.25541125541125
HON,2025-04-01,Flat,0.38186324,86.41774891774891
HON,2025-04-02,Flat,0.38188124,87.17532467532467
HON,2025-04-03,Flat,0.38185146,85.87662337662337
HPE,2025-03-28,Flat,0.3728473,7.413419913419913
HPE,2025-04-01,Flat,0.37283897,7.196969696969697
HPE,2025-04-02,Flat,0.37286326,7.738095238095238
HPE,2025-04-03,Flat,0.37277427,5.8982683982683985
HPQ,2025-03-28,Flat,0.3733635,11.95887445887446
HPQ,2025-04-01,Flat,0.37335184,11.742424242424242
HPQ,2025-04-02,Flat,0.37336162,11.796536796536797
HPQ,2025-04-03,Flat,0.37319455,10.01082251082251
HRL,2025-03-28,Flat,0.37347752,14.177489177489178
HRL,2025-04-01,Flat,0.3734989,14.339826839826838
HRL,2025-04-02,Flat,0.37348434,14.285714285714285
HRL,2025-04-03,Flat,0.37352166,14.664502164502164
HSIC,2025-03-31,Flat,0.3753392,35.82251082251082
HSIC,2025-04-01,Flat,0.37537438,36.25541125541126
HSIC,2025-04-03,Flat,0.37533572,35.66017316017316
HSIC,2025-04-04,Flat,0.37519997,33.820346320346324
HST,2025-03-28,Flat,0.3727863,6.0606060606060606
HST,2025-04-01,Flat,0.37278658,6.1147186147186146
HST,2025-04-02,Flat,0.3727998,6.493506493506493
HST,2025-04-03,Flat,0.37275246,5.735930735930736
HSY,2025-03-31,Flat,0.3808492,78.84199134199135
HSY,2025-04-01,Flat,0.38083482,78.73376623376623
HSY,2025-04-02,Flat,0.3806384,76.78571428571429
HSY,2025-04-04,Flat,0.3807466,77.92207792207793
HUM,2025-03-31,Flat,0.38213384,94.64285714285714
HUM,2025-04-01,Flat,0.38214764,95.23809523809523
HUM,2025-04-03,Flat,0.38214266,95.07575757575758
HUM,2025-04-04,Flat,0.38213742,94.96753246753246
HWM,2025-03-28,Flat,0.37887055,66.12554112554112
HWM,2025-04-01,Flat,0.37885034,65.96320346320347
HWM,2025-04-02,Flat,0.37901634,67.15367965367966
HWM,2025-04-03,Flat,0.37872845,65.31385281385282
IBM,2025-03-28,Flat,0.38202474,92.15367965367966
IBM,2025-04-01,Flat,0.38203844,92.64069264069265
IBM,2025-04-02,Flat,0.3820696,93.12770562770562
IBM,2025-04-03,Flat,0.3820338,92.47835497835499
ICE,2025-03-28,Flat,0.3810577,79.92424242424242
ICE,2025-04-01,Flat,0.38089618,79.16666666666666
ICE,2025-04-02,Flat,0.3808587,78.8961038961039
ICE,2025-04-03,Flat,0.38080925,78.46320346320347
IDXX,2025-03-31,Flat,0.37889078,66.28787878787878
IDXX,2025-04-02,Flat,0.37866524,64.77272727272727
IDXX,2025-04-04,Flat,0.3796603,70.56277056277057
IEX,2025-03-31,Flat,0.38120484,81.06060606060606
IEX,2025-04-02,Flat,0.38128784,81.33116883116884
IEX,2025-04-04,Flat,0.38054588,76.24458874458875
IFF,2025-03-28,Flat,0.37576535,42.91125541125541
IFF,2025-04-01,Flat,0.3758075,43.23593073593074
IFF,2025-04-02,Flat,0.3758294,43.56060606060606
IFF,2025-04-04,Flat,0.37569275,41.504329004329
ILMN,2025-03-28,Flat,0.37592936,44.58874458874459
ILMN,2025-04-01,Flat,0.3759066,44.31818181818182
ILMN,2025-04-02,Flat,0.37602866,45.77922077922078
ILMN,2025-04-04,Flat,0.37567738,41.179653679653676
INCY,2025-03-31,Flat,0.37492704,29.761904761904763
INCY,2025-04-01,Flat,0.37499076,30.844155844155846
INCY,2025-04-02,Flat,0.37501672,31.38528138528138
INCY,2025-04-04,Flat,0.37500328,31.11471861471862
INTC,2025-03-28,Flat,0.37314326,9.956709956709958
INTC,2025-04-01,Flat,0.37311533,9.848484848484848
INTC,2025-04-02,Flat,0.3731111,9.794372294372295
INTC,2025-04-03,Flat,0.37307203,9.415584415584416
INTU,2025-03-31,Flat,0.3714328,2.813852813852814
INTU,2025-04-01,Flat,0.37079987,2.5432900432900434
INTU,2025-04-02,Flat,0.37064275,2.380952380952381
INTU,2025-04-04,Flat,0.3720954,3.0303030303030303
IP,2025-03-28,Flat,0.374552,25.108225108225106
IP,2025-04-01,Flat,0.37452605,24.891774891774894
IP,2025-04-02,Flat,0.37462348,25.703463203463205
IP,2025-04-03,Flat,0.37434366,23.32251082251082
IPG,2025-03-28,Flat,0.37328905,10.876623376623376
IPG,2025-04-01,Flat,0.37328863,10.822510822510822
IPG,2025-04-02,Flat,0.3732824,10.55194805194805
IPG,2025-04-03,Flat,0.37322628,10.227272727272728
IQV,2025-03-28,Flat,0.3811491,80.84415584415584
IQV,2025-04-01,Flat,0.38101435,79.81601731601732
IQV,2025-04-02,Flat,0.38095632,79.59956709956711
IQV,2025-04-04,Flat,0.38056138,76.2987012987013
IR,2025-03-28,Flat,0.375901,44.209956709956714
IR,2025-04-01,Flat,0.37591267,44.37229437229438
IR,2025-04-02,Flat,0.37601742,45.56277056277056
IR,2025-04-03,Flat,0.375617,40.42207792207792
IRM,2025-03-28,Flat,0.37619373,47.78138528138528
IRM,2025-04-01,Flat,0.37621707,47.943722943722946
IRM,2025-04-02,Flat,0.37633982,49.02597402597403
IRM,2025-04-03,Flat,0.37609357,47.023809523809526
ISRG,2025-03-28,Flat,0.37568644,41.28787878787879
ISRG,2025-04-01,Flat,0.37574273,42.47835497835498
ISRG,2025-04-02,Flat,0.3750024,31.060606060606062
ISRG,2025-04-03,Flat,0.37533662,35.714285714285715
IT,2025-03-31,Flat,0.37884182,65.85497835497836
IT,2025-04-02,Flat,0.37895507,66.72077922077922
IT,2025-04-03,Flat,0.37924317,68.12770562770562
ITW,2025-03-31,Flat,0.3820359,92.58658008658008
ITW,2025-04-01,Flat,0.38205734,92.96536796536796
ITW,2025-04-02,Flat,0.38207006,93.18181818181817
ITW,2025-04-04,Flat,0.38195986,89.77272727272727
IVZ,2025-03-28,Flat,0.37282744,7.034632034632035
IVZ,2025-04-01,Flat,0.37282178,6.926406926406926
IVZ,2025-04-02,Flat,0.37284404,7.251082251082251
IVZ,2025-04-03,Flat,0.37278095,5.952380952380952
J,2025-03-31,Flat,0.37844864,62.878787878787875
J,2025-04-01,Flat,0.3784974,63.31168831168831
J,2025-04-03,Flat,0.37838742,62.44588744588745
J,2025-04-04,Flat,0.37802246,59.577922077922075
JBHT,2025-03-31,Flat,0.3796779,70.77922077922078
JBHT,2025-04-01,Flat,0.3797947,71.86147186147186
JBHT,2025-04-03,Flat,0.37953705,69.85930735930735
JBHT,2025-04-04,Flat,0.3790844,67.47835497835499
JCI,2025-03-28,Flat,0.37592345,44.48051948051948
JCI,2025-04-01,Flat,0.37593395,44.696969696969695
JCI,2025-04-02,Flat,0.37603423,45.83333333333333
JCI,2025-04-03,Flat,0.37583202,43.66883116883117
JKHY,2025-03-31,Flat,0.3812895,81.38528138528139
JKHY,2025-04-01,Flat,0.38134536,81.70995670995671
JKHY,2025-04-03,Flat,0.38143787,82.08874458874459
JNJ,2025-03-28,Flat,0.3805793,76.40692640692642
JNJ,2025-04-01,Flat,0.3802958,74.83766233766234
JNJ,2025-04-02,Flat,0.38012624,73.86363636363636
JNJ,2025-04-03,Flat,0.380398,75.37878787878788
JNPR,2025-03-31,Flat,0.3737407,16.558441558441558
JNPR,2025-04-01,Flat,0.37374252,16.666666666666664
JNPR,2025-04-02,Flat,0.37373772,16.3961038961039
JNPR,2025-04-04,Flat,0.37367725,15.909090909090908
JPM,2025-03-28,Flat,0.38201982,91.85606060606061
JPM,2025-04-01,Flat,0.38202393,92.09956709956711
JPM,2025-04-02,Flat,0.382039,92.6948051948052
JPM,2025-04-03,Flat,0.38195902,89.71861471861472
K,2025-03-31,Flat,0.37606344,46.590909090909086
K,2025-04-01,Flat,0.37606257,46.48268398268398
K,2025-04-02,Flat,0.3760629,46.53679653679654
K,2025-04-04,Flat,0.37605348,46.26623376623377
KDP,2025-03-28,Flat,0.37363186,15.476190476190476
KDP,2025-04-01,Flat,0.37367,15.854978354978355
KDP,2025-04-02,Flat,0.37367824,15.963203463203463
KDP,2025-04-03,Flat,0.37371257,16.125541125541126
KEY,2025-03-28,Flat,0.37285128,7.575757575757576
KEY,2025-04-01,Flat,0.37284893,7.521645021645022
KEY,2025-04-02,Flat,0.37286004,7.629870129870129
KEY,2025-04-03,Flat,0.37278998,6.277056277056277
KEYS,2025-03-31,Flat,0.37970516,71.1038961038961
KEYS,2025-04-01,Flat,0.37985522,72.18614718614718
KEYS,2025-04-03,Flat,0.3791755,67.6948051948052
KEYS,2025-04-04,Flat,0.37880656,65.6926406926407
KHC,2025-03-28,Flat,0.37346742,13.7987012987013
KHC,2025-04-01,Flat,0.3734723,14.015151515151514
KHC,2025-04-02,Flat,0.373469,13.852813852813853
KHC,2025-04-03,Flat,0.37349987,14.393939393939394
KIM,2025-03-28,Flat,0.37306336,9.307359307359308
KIM,2025-04-01,Flat,0.37307316,9.469696969696969
KIM,2025-04-02,Flat,0.3730836,9.577922077922079
KIM,2025-04-03,Flat,0.37303865,9.199134199134198
KLAC,2025-03-31,Flat,0.36880645,2.1645021645021645
KLAC,2025-04-02,Flat,0.36836252,2.0562770562770565
KLAC,2025-04-03,Flat,0.37013817,2.272727272727273
KMB,2025-03-28,Flat,0.3794195,69.1017316017316
KMB,2025-04-01,Flat,0.37950826,69.64285714285714
KMB,2025-04-02,Flat,0.37947854,69.37229437229438
KMB,2025-04-04,Flat,0.3796632,70.61688311688312
KMI,2025-03-28,Flat,0.37338355,12.445887445887447
KMI,2025-04-01,Flat,0.37337792,12.202380952380953
KMI,2025-04-02,Flat,0.37340102,12.770562770562771
KMI,2025-04-03,Flat,0.37336284,11.904761904761903
KMX,2025-03-31,Flat,0.37570366,41.66666666666667
KMX,2025-04-01,Flat,0.37586316,43.93939393939394
KMX,2025-04-02,Flat,0.3760409,46.049783549783555
KMX,2025-04-03,Flat,0.37576497,42.857142857142854
KO,2025-03-28,Flat,0.3754272,37.22943722943723
KO,2025-04-01,Flat,0.3754974,38.47402597402597
KO,2025-04-02,Flat,0.37549973,38.582251082251084
KO,2025-04-03,Flat,0.37558836,40.0974025974026
KR,2025-03-28,Flat,0.375249,34.1991341991342
KR,2025-04-01,Flat,0.37529358,35.01082251082251
KR,2025-04-02,Flat,0.3753011,35.11904761904761
KR,2025-04-03,Flat,0.37544975,37.55411255411256
L,2025-03-31,Flat,0.37657505,50.81168831168831
L,2025-04-02,Flat,0.37659228,51.028138528138534
L,2025-04-03,Flat,0.37658834,50.91991341991342
LDOS,2025-03-31,Flat,0.37911472,67.53246753246754
LDOS,2025-04-01,Flat,0.37911806,67.58658008658008
LDOS,2025-04-02,Flat,0.37949827,69.53463203463204
LDOS,2025-04-04,Flat,0.3792729,68.45238095238095
LEN,2025-03-28,Flat,0.3781398,60.82251082251082
LEN,2025-04-01,Flat,0.3781167,60.71428571428571
LEN,2025-04-02,Flat,0.37814543,60.87662337662337
LEN,2025-04-03,Flat,0.37783974,57.683982683982684
LH,2025-03-31,Flat,0.38194925,89.55627705627705
LH,2025-04-01,Flat,0.3819671,90.04329004329004
LH,2025-04-03,Flat,0.38198334,90.63852813852814
LHX,2025-03-31,Flat,0.38185364,85.98484848484848
LHX,2025-04-01,Flat,0.3818615,86.36363636363636
LHX,2025-04-02,Flat,0.38186535,86.58008658008657
LHX,2025-04-04,Flat,0.3818496,85.82251082251082
LIN,2025-03-31,Flat,0.37700462,53.30086580086581
LIN,2025-04-01,Flat,0.3767409,51.83982683982684
LIN,2025-04-02,Flat,0.3766953,51.461038961038966
LIN,2025-04-04,Flat,0.37707266,53.57142857142857
LKQ,2025-03-28,Flat,0.37399858,19.913419913419915
LKQ,2025-04-01,Flat,0.37403944,20.562770562770563
LKQ,2025-04-02,Flat,0.37407774,20.833333333333336
LKQ,2025-04-03,Flat,0.37403202,20.346320346320347
LLY,2025-03-28,Flat,0.36351666,1.3528138528138527
LLY,2025-04-01,Flat,0.36385536,1.461038961038961
LLY,2025-04-02,Flat,0.363919,1.5151515151515151
LLY,2025-04-03,Flat,0.36433363,1.7316017316017316
LMT,2025-03-28,Flat,0.37778178,57.467532467532465
LMT,2025-04-01,Flat,0.3775183,56.27705627705628
LMT,2025-04-02,Flat,0.37730005,54.87012987012987
LMT,2025-04-04,Flat,0.3773285,54.97835497835498
LNC,2025-03-28,Flat,0.37371504,16.17965367965368
LNC,2025-04-01,Flat,0.37372577,16.233766233766232
LNC,2025-04-02,Flat,0.37378892,17.37012987012987
LNC,2025-04-04,Flat,0.37361896,15.259740259740258
LNT,2025-03-28,Flat,0.37509942,32.467532467532465
LNT,2025-04-01,Flat,0.37512812,32.73809523809524
LNT,2025-04-02,Flat,0.37513453,32.84632034632035
LNT,2025-04-04,Flat,0.37515324,33.116883116883116
LOW,2025-03-28,Flat,0.38194486,89.44805194805194
LOW,2025-04-01,Flat,0.3819678,90.09740259740259
LOW,2025-04-02,Flat,0.38197893,90.36796536796537
LOW,2025-04-03,Flat,0.38191265,88.47402597402598
LRCX,2025-03-28,Flat,0.37556428,39.5021645021645
LRCX,2025-04-01,Flat,0.3754922,38.365800865800864
LRCX,2025-04-02,Flat,0.37560236,40.205627705627705
LRCX,2025-04-03,Flat,0.37523252,33.92857142857143
LUMN,2025-03-28,Flat,0.37234953,3.5173160173160176
LUMN,2025-04-01,Flat,0.37234998,3.571428571428571
LUMN,2025-04-02,Flat,0.37235472,3.6255411255411256
LUMN,2025-04-03,Flat,0.37233415,3.463203463203463
LUV,2025-03-28,Flat,0.373624,15.367965367965366
LUV,2025-04-01,Flat,0.37357223,15.0974025974026
LUV,2025-04-02,Flat,0.37355012,14.935064935064934
LUV,2025-04-03,Flat,0.37342057,13.203463203463203
LW,2025-03-31,Flat,0.37460068,25.595238095238095
LW,2025-04-01,Flat,0.3745364,24.945887445887447
LW,2025-04-02,Flat,0.37462407,25.757575757575758
LW,2025-04-03,Flat,0.37490037,29.329004329004327
LYB,2025-03-28,Flat,0.37542665,37.121212121212125
LYB,2025-04-01,Flat,0.3753923,36.47186147186147
LYB,2025-04-02,Flat,0.3754378,37.33766233766234
LYB,2025-04-03,Flat,0.37512577,32.683982683982684
LYV,2025-03-28,Flat,0.37865174,64.6103896103896
LYV,2025-04-01,Flat,0.378895,66.34199134199135
LYV,2025-04-02,Flat,0.37905943,67.37012987012987
LYV,2025-04-03,Flat,0.37878647,65.53030303030303
MA,2025-03-28,Flat,0.37357345,15.151515151515152
MA,2025-04-01,Flat,0.37343547,13.528138528138529
MA,2025-04-02,Flat,0.3735073,14.44805194805195
MA,2025-04-03,Flat,0.3738248,17.74891774891775
MAA,2025-03-31,Flat,0.38067463,77.21861471861472
MAA,2025-04-01,Flat,0.38069817,77.54329004329004
MAA,2025-04-03,Flat,0.38064978,76.94805194805194
MAR,2025-03-31,Flat,0.38197625,90.31385281385282
MAR,2025-04-01,Flat,0.38199407,90.9090909090909
MAR,2025-04-02,Flat,0.38201982,91.85606060606061
MAR,2025-04-04,Flat,0.38190016,88.09523809523809
MAS,2025-03-28,Flat,0.37535697,36.09307359307359
MAS,2025-04-01,Flat,0.3753717,36.201298701298704
MAS,2025-04-02,Flat,0.37546253,37.93290043290043
MAS,2025-04-03,Flat,0.37513387,32.7922077922078
MAT,2025-03-31,Flat,0.37299937,8.712121212121213
MAT,2025-04-01,Flat,0.37300864,8.874458874458876
MAT,2025-04-02,Flat,0.37301707,8.982683982683982
MAT,2025-04-03,Flat,0.37289646,7.954545454545454
MCD,2025-03-28,Flat,0.38238493,99.08008658008657
MCD,2025-04-01,Flat,0.38237432,98.53896103896103
MCD,2025-04-02,Flat,0.38237044,98.43073593073593
MCD,2025-04-03,Flat,0.382345,98.05194805194806
MCHP,2025-03-28,Flat,0.37435278,23.376623376623375
MCHP,2025-04-01,Flat,0.3742845,22.348484848484848
MCHP,2025-04-02,Flat,0.3743286,23.051948051948052
MCHP,2025-04-03,Flat,0.37395883,19.264069264069263
MCK,2025-03-31,Flat,0.3686288,2.1103896103896105
MCK,2025-04-02,Flat,0.36828807,2.002164502164502
MCK,2025-04-03,Flat,0.3670658,1.893939393939394
MCK,2025-04-04,Flat,0.36805028,1.948051948051948
MCO,2025-03-31,Flat,0.37709975,53.950216450216445
MCO,2025-04-01,Flat,0.3767082,51.67748917748918
MCO,2025-04-03,Flat,0.37742862,55.790043290043286
MCO,2025-04-04,Flat,0.3790828,67.42424242424242
MDLZ,2025-03-28,Flat,0.37529343,34.95670995670996
MDLZ,2025-04-01,Flat,0.37530416,35.17316017316017
MDLZ,2025-04-02,Flat,0.37524098,34.03679653679654
MDLZ,2025-04-03,Flat,0.37530878,35.28138528138528
MDT,2025-03-28,Flat,0.37634507,49.134199134199136
MDT,2025-04-01,Flat,0.3763961,49.891774891774894
MDT,2025-04-02,Flat,0.37636575,49.404761904761905
MDT,2025-04-03,Flat,0.37637228,49.56709956709957
MET,2025-03-28,Flat,0.37588117,43.993506493506494
MET,2025-04-01,Flat,0.3759382,44.85930735930736
MET,2025-04-02,Flat,0.37602854,45.72510822510822
MET,2025-04-03,Flat,0.37578642,43.12770562770562
META,2025-03-28,Flat,0.37229645,3.3008658008658007
META,2025-04-01,Flat,0.37229717,3.354978354978355
META,2025-04-02,Flat,0.3719507,2.922077922077922
META,2025-04-03,Flat,0.3736361,15.584415584415584
MGM,2025-03-28,Flat,0.37348148,14.231601731601732
MGM,2025-04-01,Flat,0.37342504,13.365800865800868
MGM,2025-04-02,Flat,0.37347698,14.123376623376624
MGM,2025-04-03,Flat,0.37338135,12.283549783549784
MHK,2025-03-31,Flat,0.37804043,59.84848484848485
MHK,2025-04-01,Flat,0.37818643,60.984848484848484
MHK,2025-04-03,Flat,0.37793458,58.87445887445888
MHK,2025-04-04,Flat,0.3775938,56.76406926406926
MKC,2025-03-28,Flat,0.3760036,45.50865800865801
MKC,2025-04-01,Flat,0.37603903,45.94155844155844
MKC,2025-04-02,Flat,0.37603953,45.995670995671
MKC,2025-04-03,Flat,0.37599677,45.400432900432904
MKTX,2025-03-31,Flat,0.38188982,87.5
MKTX,2025-04-02,Flat,0.38186044,86.30952380952381
MKTX,2025-04-04,Flat,0.38190544,88.2034632034632
MLM,2025-03-28,Flat,0.37633058,48.917748917748916
MLM,2025-04-01,Flat,0.3760671,46.6991341991342
MLM,2025-04-03,Flat,0.37596607,45.23809523809524
MMC,2025-03-31,Flat,0.3820272,92.26190476190477
MMC,2025-04-01,Flat,0.3820266,92.20779220779221
MMC,2025-04-02,Flat,0.38202342,91.991341991342
MMC,2025-04-04,Flat,0.3820393,92.74891774891775
MMM,2025-03-28,Flat,0.37961596,70.18398268398268
MMM,2025-04-01,Flat,0.37968624,70.88744588744589
MMM,2025-04-02,Flat,0.37974486,71.53679653679653
MMM,2025-04-03,Flat,0.37941512,69.04761904761905
MNST,2025-03-28,Flat,0.37479943,27.81385281385281
MNST,2025-04-01,Flat,0.37483457,28.13852813852814
MNST,2025-04-02,Flat,0.3748615,28.625541125541126
MNST,2025-04-03,Flat,0.37491453,29.599567099567096
MO,2025-03-28,Flat,0.37480748,27.86796536796537
MO,2025-04-01,Flat,0.37488875,29.11255411255411
MO,2025-04-02,Flat,0.3747372,27.110389610389614
MO,2025-04-03,Flat,0.37481895,28.030303030303028
MODV,2025-03-28,Flat,0.37224865,3.1926406926406927
MODV,2025-04-01,Flat,0.37224507,3.1385281385281383
MODV,2025-04-04,Flat,0.3722365,3.0844155844155843
MOS,2025-03-28,Flat,0.3733352,11.634199134199134
MOS,2025-04-01,Flat,0.37330678,11.30952380952381
MOS,2025-04-02,Flat,0.37329078,10.930735930735931
MOS,2025-04-03,Flat,0.3732848,10.606060606060606
MPC,2025-03-28,Flat,0.37957326,69.96753246753246
MPC,2025-04-01,Flat,0.37952936,69.8051948051948
MPC,2025-04-02,Flat,0.37974584,71.5909090909091
MPC,2025-04-03,Flat,0.37890434,66.45021645021644
MPWR,2025-03-31,Flat,0.3726794,5.194805194805195
MPWR,2025-04-02,Flat,0.3722996,3.4090909090909087
MPWR,2025-04-03,Flat,0.37488636,29.05844155844156
MRK,2025-03-28,Flat,0.37642875,50.21645021645021
MRK,2025-04-01,Flat,0.37636077,49.29653679653679
MRK,2025-04-02,Flat,0.37627047,48.37662337662338
MRK,2025-04-03,Flat,0.37627184,48.43073593073593
MRNA,2025-03-28,Flat,0.3735151,14.556277056277056
MRNA,2025-04-01,Flat,0.3733865,12.608225108225108
MRNA,2025-04-02,Flat,0.37338448,12.5
MRNA,2025-04-03,Flat,0.37328508,10.66017316017316
MS,2025-03-28,Flat,0.37818697,61.038961038961034
MS,2025-04-01,Flat,0.3781503,60.930735930735935
MS,2025-04-02,Flat,0.37838146,62.33766233766234
MS,2025-04-03,Flat,0.37789354,58.44155844155844
MSCI,2025-03-31,Flat,0.37293246,8.279220779220779
MSCI,2025-04-02,Flat,0.37250382,3.7337662337662336
MSCI,2025-04-04,Flat,0.37435538,23.43073593073593
MSFT,2025-03-28,Flat,0.3804801,75.86580086580086
MSFT,2025-04-01,Flat,0.38052744,76.02813852813853
MSFT,2025-04-02,Flat,0.3803213,75.05411255411255
MSFT,2025-04-03,Flat,0.38058966,76.51515151515152
MSI,2025-03-31,Flat,0.3780994,60.55194805194806
MSI,2025-04-02,Flat,0.3780504,60.010822510822514
MSI,2025-04-03,Flat,0.37789014,58.333333333333336
MSI,2025-04-04,Flat,0.37921464,67.91125541125541
MTB,2025-03-28,Flat,0.38104084,79.87012987012987
MTB,2025-04-01,Flat,0.38108107,80.08658008658008
MTB,2025-04-02,Flat,0.38117954,80.95238095238095
MTB,2025-04-04,Flat,0.38015616,74.02597402597402
MTD,2025-04-02,Flat,0.35726982,0.5411255411255411
MU,2025-03-28,Flat,0.37636614,49.458874458874455
MU,2025-04-01,Flat,0.37629473,48.64718614718615
MU,2025-04-02,Flat,0.3763799,49.67532467532468
MU,2025-04-03,Flat,0.3757269,42.2077922077922
NCLH,2025-03-28,Flat,0.37299562,8.603896103896105
NCLH,2025-04-01,Flat,0.37296766,8.441558441558442
NCLH,2025-04-02,Flat,0.37299573,8.658008658008658
NCLH,2025-04-03,Flat,0.37288842,7.900432900432901
NDAQ,2025-03-28,Flat,0.37567338,41.07142857142857
NDAQ,2025-04-01,Flat,0.37571347,41.883116883116884
NDAQ,2025-04-02,Flat,0.37580922,43.290043290043286
NDAQ,2025-04-03,Flat,0.37565398,40.909090909090914
NDSN,2025-03-31,Flat,0.38180143,83.6038961038961
NDSN,2025-04-03,Flat,0.3817431,82.95454545454545
NEE,2025-03-28,Flat,0.37545452,37.71645021645021
NEE,2025-04-01,Flat,0.37547055,38.095238095238095
NEE,2025-04-02,Flat,0.37545276,37.66233766233766
NEE,2025-04-03,Flat,0.37554327,39.06926406926407
NEM,2025-03-28,Flat,0.37431443,22.835497835497836
NEM,2025-04-01,Flat,0.374321,22.943722943722943
NEM,2025-04-02,Flat,0.3743196,22.88961038961039
NEM,2025-04-03,Flat,0.3743238,22.9978354978355
NFLX,2025-03-28,Flat,0.36053115,1.0281385281385282
NFLX,2025-04-01,Flat,0.36081305,1.1904761904761905
NFLX,2025-04-02,Flat,0.36040697,0.974025974025974
NFLX,2025-04-03,Flat,0.36068556,1.1363636363636365
NI,2025-03-28,Flat,0.37391773,18.560606060606062
NI,2025-04-01,Flat,0.37392443,18.614718614718615
NI,2025-04-02,Flat,0.37394607,19.101731601731604
NI,2025-04-03,Flat,0.37393162,18.83116883116883
NKE,2025-03-28,Flat,0.37507713,32.08874458874459
NKE,2025-04-01,Flat,0.37509388,32.35930735930736
NKE,2025-04-02,Flat,0.37514478,33.00865800865801
NKE,2025-04-03,Flat,0.37473336,27.0021645021645
NOC,2025-03-28,Flat,0.37471738,26.785714285714285
NOC,2025-04-01,Flat,0.37473416,27.056277056277057
NOC,2025-04-03,Flat,0.37451974,24.783549783549784
NOC,2025-04-04,Flat,0.37541112,36.688311688311686
NOW,2025-03-31,Flat,0.36434898,1.7857142857142856
NOW,2025-04-01,Flat,0.3640873,1.6233766233766231
NOW,2025-04-02,Flat,0.36335692,1.2987012987012987
NOW,2025-04-03,Flat,0.36490607,1.83982683982684
NRG,2025-03-28,Flat,0.37688524,52.5974025974026
NRG,2025-04-01,Flat,0.37696648,53.03030303030303
NRG,2025-04-02,Flat,0.3773837,55.3030303030303
NRG,2025-04-03,Flat,0.37677014,52.1103896103896
NSC,2025-03-28,Flat,0.3819608,89.88095238095238
NSC,2025-04-01,Flat,0.38197935,90.42207792207793
NSC,2025-04-02,Flat,0.38199043,90.80086580086581
NSC,2025-04-04,Flat,0.38187295,86.85064935064936
NTAP,2025-03-28,Flat,0.37638053,49.72943722943723
NTAP,2025-04-01,Flat,0.37639946,50.0
NTAP,2025-04-02,Flat,0.37651485,50.48701298701299
NTAP,2025-04-03,Flat,0.37605134,46.21212121212121
NTRS,2025-03-31,Flat,0.37697965,53.192640692640694
NTRS,2025-04-01,Flat,0.37714383,54.22077922077923
NTRS,2025-04-02,Flat,0.3771639,54.27489177489178
NTRS,2025-04-04,Flat,0.37621772,47.9978354978355
NUE,2025-03-28,Flat,0.37856308,63.63636363636363
NUE,2025-04-01,Flat,0.3784143,62.60822510822511
NUE,2025-04-02,Flat,0.37852582,63.582251082251084
NUE,2025-04-03,Flat,0.3779812,59.41558441558441
NVDA,2025-03-28,Flat,0.37793913,58.92857142857143
NVDA,2025-04-01,Flat,0.3777546,57.1969696969697
NVDA,2025-04-02,Flat,0.37794277,58.98268398268398
NVDA,2025-04-03,Flat,0.37745255,55.8982683982684
NVR,2025-03-31,Down,0.3558127,0.4329004329004329
NVR,2025-04-03,Down,0.35610586,0.487012987012987
NWS,2025-03-31,Flat,0.37346137,13.690476190476192
NWS,2025-04-02,Flat,0.37347457,14.06926406926407
NWS,2025-04-03,Flat,0.373464,13.744588744588745
NWSA,2025-03-28,Flat,0.37330538,11.255411255411255
NWSA,2025-04-01,Flat,0.37332267,11.525974025974026
NWSA,2025-04-02,Flat,0.37332082,11.471861471861471
NWSA,2025-04-03,Flat,0.3732909,10.984848484848484
NXPI,2025-03-31,Flat,0.38164297,82.68398268398268
NXPI,2025-04-01,Flat,0.38155437,82.35930735930735
NXPI,2025-04-02,Flat,0.38176146,83.17099567099568
NXPI,2025-04-03,Flat,0.38098618,79.70779220779221
O,2025-03-28,Flat,0.37472335,26.89393939393939
O,2025-04-01,Flat,0.37476632,27.380952380952383
O,2025-04-02,Flat,0.37476945,27.543290043290042
O,2025-04-03,Flat,0.37474024,27.21861471861472
ODFL,2025-03-28,Flat,0.3806659,77.1103896103896
ODFL,2025-04-01,Flat,0.3806489,76.89393939393939
ODFL,2025-04-02,Flat,0.38080898,78.4090909090909
ODFL,2025-04-04,Flat,0.37991872,72.45670995670996
OGN,2025-03-28,Flat,0.3727965,6.3852813852813854
OGN,2025-04-01,Flat,0.37280744,6.547619047619048
OGN,2025-04-02,Flat,0.37278953,6.222943722943723
OGN,2025-04-03,Flat,0.37279534,6.331168831168831
OKE,2025-03-28,Flat,0.37711602,54.05844155844156
OKE,2025-04-01,Flat,0.37712595,54.112554112554115
OKE,2025-04-02,Flat,0.37725744,54.65367965367965
OKE,2025-04-03,Flat,0.37675664,51.94805194805194
OMC,2025-03-28,Flat,0.37594253,44.91341991341991
OMC,2025-04-01,Flat,0.37593457,44.75108225108225
OMC,2025-04-02,Flat,0.3759243,44.53463203463203
OMC,2025-04-03,Flat,0.37573868,42.42424242424242
ON,2025-03-28,Flat,0.37398806,19.805194805194805
ON,2025-04-01,Flat,0.37391242,18.452380952380953
ON,2025-04-02,Flat,0.37395933,19.37229437229437
ON,2025-04-03,Flat,0.37374398,16.72077922077922
ORCL,2025-03-28,Flat,0.37937805,68.77705627705627
ORCL,2025-04-01,Flat,0.37934858,68.72294372294373
ORCL,2025-04-02,Flat,0.3796957,70.995670995671
ORCL,2025-04-03,Flat,0.37926778,68.34415584415584
ORLY,2025-04-01,Flat,0.35433322,0.27056277056277056
ORLY,2025-04-03,Flat,0.35425657,0.21645021645021645
OTIS,2025-03-28,Flat,0.37741777,55.73593073593074
OTIS,2025-04-01,Flat,0.3774639,56.006493506493506
OTIS,2025-04-02,Flat,0.3775005,56.22294372294372
OTIS,2025-04-03,Flat,0.37759238,56.709956709956714
OXY,2025-03-28,Flat,0.3743322,23.214285714285715
OXY,2025-04-01,Flat,0.3743396,23.26839826839827
OXY,2025-04-02,Flat,0.37435865,23.53896103896104
OXY,2025-04-03,Flat,0.3741225,20.995670995670995
PARA,2025-03-28,Flat,0.3726753,5.086580086580087
PARA,2025-04-01,Flat,0.37268612,5.303030303030303
PARA,2025-04-02,Flat,0.37268895,5.357142857142857
PARA,2025-04-03,Flat,0.37267855,5.140692640692641
PAYC,2025-03-31,Flat,0.38188782,87.39177489177489
PAYC,2025-04-01,Flat,0.38190186,88.14935064935064
PAYC,2025-04-03,Flat,0.38186845,86.68831168831169
PAYX,2025-03-28,Flat,0.37990817,72.40259740259741
PAYX,2025-04-01,Flat,0.38009903,73.48484848484848
PAYX,2025-04-02,Flat,0.38012087,73.7012987012987
PAYX,2025-04-04,Flat,0.38005012,73.16017316017316
PCAR,2025-03-28,Flat,0.37703168,53.40909090909091
PCAR,2025-04-01,Flat,0.37702706,53.35497835497836
PCAR,2025-04-02,Flat,0.3771708,54.32900432900433
PCAR,2025-04-03,Flat,0.37671372,51.73160173160173
PEG,2025-03-28,Flat,0.3760416,46.103896103896105
PEG,2025-04-01,Flat,0.37606534,46.64502164502164
PEG,2025-04-02,Flat,0.37612328,47.24025974025974
PEG,2025-04-03,Flat,0.37603596,45.887445887445885
PEP,2025-03-28,Flat,0.37982407,72.02380952380952
PEP,2025-04-01,Flat,0.37984914,72.13203463203463
PEP,2025-04-02,Flat,0.37982365,71.96969696969697
PEP,2025-04-03,Flat,0.3799829,72.78138528138528
PFE,2025-03-28,Flat,0.37323472,10.335497835497835
PFE,2025-04-01,Flat,0.37322515,10.173160173160174
PFE,2025-04-02,Flat,0.3732142,10.119047619047619
PFE,2025-04-03,Flat,0.37321132,10.064935064935066
PFG,2025-03-31,Flat,0.3760928,46.96969696969697
PFG,2025-04-01,Flat,0.37618732,47.72727272727273
PFG,2025-04-03,Flat,0.3761394,47.45670995670996
PFG,2025-04-04,Flat,0.3756151,40.36796536796537
PG,2025-03-28,Flat,0.3807589,78.13852813852814
PG,2025-04-01,Flat,0.38082367,78.67965367965368
PG,2025-04-02,Flat,0.38078117,78.24675324675324
PG,2025-04-03,Flat,0.3809403,79.491341991342
PGR,2025-03-28,Flat,0.38223925,96.69913419913419
PGR,2025-04-01,Flat,0.3822839,97.34848484848484
PGR,2025-04-02,Flat,0.38225186,96.9155844155844
PGR,2025-04-03,Flat,0.38233298,97.67316017316018
PH,2025-03-31,Flat,0.37138876,2.75974025974026
PH,2025-04-01,Flat,0.37101915,2.6515151515151514
PH,2025-04-03,Flat,0.37278357,6.0064935064935066
PH,2025-04-04,Flat,0.3743658,23.647186147186147
PHM,2025-03-28,Flat,0.3773942,55.41125541125541
PHM,2025-04-01,Flat,0.37745407,55.952380952380956
PHM,2025-04-02,Flat,0.37752378,56.439393939393945
PHM,2025-04-04,Flat,0.37708777,53.78787878787878
PKG,2025-03-31,Flat,0.38176888,83.22510822510823
PKG,2025-04-01,Flat,0.38179553,83.495670995671
PKG,2025-04-03,Flat,0.38163292,82.62987012987013
PLD,2025-03-28,Flat,0.37794915,59.03679653679653
PLD,2025-04-01,Flat,0.37797546,59.253246753246756
PLD,2025-04-02,Flat,0.3779642,59.14502164502164
PLD,2025-04-03,Flat,0.3774167,55.68181818181818
PNC,2025-03-28,Flat,0.38089344,79.11255411255411
PNC,2025-04-01,Flat,0.38098222,79.65367965367966
PNC,2025-04-02,Flat,0.38106507,79.97835497835499
PNC,2025-04-03,Flat,0.38054335,76.13636363636364
PNR,2025-03-28,Flat,0.37629512,48.701298701298704
PNR,2025-04-01,Flat,0.37633836,48.97186147186147
PNR,2025-04-02,Flat,0.37639156,49.83766233766234
PNR,2025-04-04,Flat,0.37584332,43.777056277056275
PNW,2025-03-28,Flat,0.37683502,52.38095238095239
PNW,2025-04-01,Flat,0.37686038,52.489177489177486
PNW,2025-04-03,Flat,0.37689993,52.75974025974026
PNW,2025-04-04,Flat,0.37670538,51.569264069264065
POOL,2025-04-01,Flat,0.38232732,97.56493506493507
POOL,2025-04-03,Flat,0.38235608,98.16017316017316
PPG,2025-03-31,Flat,0.37776017,57.25108225108225
PPG,2025-04-01,Flat,0.37785143,58.00865800865801
PPG,2025-04-02,Flat,0.37787095,58.22510822510822
PPG,2025-04-03,Flat,0.37755954,56.547619047619044
PPL,2025-03-28,Flat,0.373727,16.28787878787879
PPL,2025-04-01,Flat,0.37372917,16.341991341991342
PPL,2025-04-02,Flat,0.37373948,16.450216450216452
PPL,2025-04-03,Flat,0.3737605,16.883116883116884
PRU,2025-03-28,Flat,0.3778976,58.549783549783555
PRU,2025-04-01,Flat,0.37798017,59.36147186147186
PRU,2025-04-02,Flat,0.37804765,59.9025974025974
PRU,2025-04-03,Flat,0.3776246,56.87229437229438
PSA,2025-03-31,Flat,0.3823982,99.67532467532467
PSA,2025-04-02,Flat,0.38238367,98.91774891774891
PSA,2025-04-03,Flat,0.3823771,98.7012987012987
PSX,2025-03-28,Flat,0.37850794,63.47402597402597
PSX,2025-04-01,Flat,0.37849385,63.149350649350644
PSX,2025-04-02,Flat,0.37859392,64.01515151515152
PSX,2025-04-03,Flat,0.37777284,57.3051948051948
PTC,2025-03-31,Flat,0.38002968,73.05194805194806
PTC,2025-04-01,Flat,0.38015926,74.08008658008657
PTC,2025-04-03,Flat,0.3797572,71.69913419913419
PTC,2025-04-04,Flat,0.37947845,69.31818181818183
PWR,2025-03-28,Flat,0.3820707,93.23593073593074
PWR,2025-04-01,Flat,0.38207188,93.29004329004329
PWR,2025-04-02,Flat,0.38213286,94.58874458874459
PWR,2025-04-04,Flat,0.3820348,92.53246753246754
PYPL,2025-03-28,Flat,0.37517664,33.387445887445885
PYPL,2025-04-01,Flat,0.37518463,33.44155844155844
PYPL,2025-04-02,Flat,0.37527174,34.57792207792208
PYPL,2025-04-03,Flat,0.37500864,31.277056277056275
QRVO,2025-03-28,Flat,0.3755383,39.015151515151516
QRVO,2025-04-01,Flat,0.3755002,38.63636363636363
QRVO,2025-04-02,Flat,0.37556842,39.556277056277054
QRVO,2025-04-04,Flat,0.37478572,27.705627705627705
RCL,2025-03-28,Flat,0.3818479,85.55194805194806
RCL,2025-04-01,Flat,0.3818222,84.19913419913419
RCL,2025-04-02,Flat,0.38185838,86.14718614718615
RCL,2025-04-03,Flat,0.38173223,82.84632034632034
REG,2025-03-31,Flat,0.37558335,39.935064935064936
REG,2025-04-02,Flat,0.37558886,40.15151515151515
REG,2025-04-03,Flat,0.37557697,39.77272727272727
REG,2025-04-04,Flat,0.37542132,36.904761904761905
REGN,2025-03-31,Flat,0.37003416,2.218614718614719
REGN,2025-04-01,Flat,0.37069383,2.4350649350649354
REGN,2025-04-03,Flat,0.3707419,2.4891774891774894
RF,2025-03-28,Flat,0.3730891,9.686147186147185
RF,2025-04-01,Flat,0.37308884,9.632034632034632
RF,2025-04-02,Flat,0.37310234,9.740259740259742
RF,2025-04-03,Flat,0.3730315,9.090909090909092
RHI,2025-03-28,Flat,0.37459603,25.541125541125542
RHI,2025-04-01,Flat,0.37462983,25.811688311688314
RHI,2025-04-03,Flat,0.37464306,26.136363636363637
RHI,2025-04-04,Flat,0.3743294,23.160173160173162
RJF,2025-03-31,Flat,0.37925994,68.18181818181817
RJF,2025-04-01,Flat,0.3792791,68.5064935064935
RJF,2025-04-02,Flat,0.37940964,68.93939393939394
RJF,2025-04-04,Flat,0.3786633,64.71861471861472
RL,2025-03-31,Flat,0.38186485,86.52597402597402
RL,2025-04-01,Flat,0.38194194,89.33982683982684
RL,2025-04-03,Flat,0.3818533,85.93073593073593
RL,2025-04-04,Flat,0.38180476,83.71212121212122
RMD,2025-03-31,Flat,0.3818992,87.93290043290042
RMD,2025-04-01,Flat,0.3819104,88.36580086580086
RMD,2025-04-03,Flat,0.3818727,86.74242424242425
RMD,2025-04-04,Flat,0.38183746,85.06493506493507
ROK,2025-03-31,Flat,0.38208538,93.56060606060606
ROK,2025-04-01,Flat,0.38210303,93.93939393939394
ROK,2025-04-03,Flat,0.38201427,91.45021645021644
ROK,2025-04-04,Flat,0.38193768,89.23160173160173
ROL,2025-03-31,Flat,0.37455752,25.162337662337663
ROL,2025-04-01,Flat,0.37460873,25.649350649350648
ROL,2025-04-02,Flat,0.37463975,26.082251082251084
ROL,2025-04-04,Flat,0.37470627,26.623376623376622
ROP,2025-03-31,Flat,0.37209162,2.976190476190476
ROP,2025-04-03,Flat,0.37180766,2.867965367965368
ROP,2025-04-04,Flat,0.3730384,9.145021645021645
ROST,2025-03-28,Flat,0.37867698,64.88095238095238
ROST,2025-04-01,Flat,0.37882182,65.80086580086581
ROST,2025-04-02,Flat,0.37895843,66.88311688311688
ROST,2025-04-03,Flat,0.37895647,66.77489177489177
RSG,2025-03-31,Flat,0.38200966,91.17965367965368
RSG,2025-04-01,Flat,0.3820197,91.77489177489177
RSG,2025-04-03,Flat,0.3820328,92.42424242424242
RSG,2025-04-04,Flat,0.38201383,91.34199134199135
RTX,2025-03-28,Flat,0.378987,67.04545454545455
RTX,2025-04-01,Flat,0.37897092,66.93722943722943
RTX,2025-04-02,Flat,0.3790316,67.31601731601732
RTX,2025-04-03,Flat,0.37895793,66.82900432900432
SBAC,2025-03-31,Flat,0.3818962,87.71645021645021
SBAC,2025-04-02,Flat,0.3818973,87.82467532467533
SBAC,2025-04-03,Flat,0.3819457,89.5021645021645
SBUX,2025-03-28,Flat,0.3770755,53.62554112554112
SBUX,2025-04-01,Flat,0.37709838,53.896103896103895
SBUX,2025-04-02,Flat,0.37719145,54.38311688311688
SBUX,2025-04-03,Flat,0.37637192,49.51298701298701
SCHW,2025-03-28,Flat,0.3758134,43.34415584415584
SCHW,2025-04-01,Flat,0.37575784,42.64069264069264
SCHW,2025-04-02,Flat,0.37585217,43.88528138528138
SCHW,2025-04-03,Flat,0.37573567,42.37012987012987
SEDG,2025-03-28,Flat,0.37284845,7.467532467532467
SEDG,2025-04-01,Flat,0.37286076,7.683982683982683
SEDG,2025-04-02,Flat,0.37290308,8.062770562770563
SEDG,2025-04-04,Flat,0.3728337,7.088744588744589
SEE,2025-03-28,Flat,0.37340927,12.932900432900432
SEE,2025-04-01,Flat,0.3734118,13.041125541125542
SEE,2025-04-02,Flat,0.37340817,12.878787878787879
SEE,2025-04-04,Flat,0.3732752,10.497835497835498
SHW,2025-03-28,Flat,0.38217354,95.67099567099568
SHW,2025-04-01,Flat,0.38184834,85.60606060606061
SHW,2025-04-02,Flat,0.38161102,82.52164502164501
SHW,2025-04-03,Flat,0.38211775,94.1017316017316
SJM,2025-03-28,Flat,0.37824446,61.417748917748916
SJM,2025-04-01,Flat,0.37836808,62.175324675324674
SJM,2025-04-02,Flat,0.37833115,61.74242424242424
SJM,2025-04-04,Flat,0.37833732,61.79653679653679
SLB,2025-03-28,Flat,0.37401208,20.12987012987013
SLB,2025-04-01,Flat,0.37400082,20.02164502164502
SLB,2025-04-02,Flat,0.37401816,20.238095238095237
SLB,2025-04-03,Flat,0.3738964,18.181818181818183
SLG,2025-03-31,Flat,0.374768,27.48917748917749
SLG,2025-04-01,Flat,0.37478766,27.759740259740262
SLG,2025-04-03,Flat,0.37459436,25.487012987012985
SLG,2025-04-04,Flat,0.37444425,24.134199134199132
SNA,2025-03-31,Flat,0.38221094,96.32034632034632
SNA,2025-04-02,Flat,0.38213,94.37229437229438
SNA,2025-04-04,Flat,0.38232753,97.61904761904762
SNPS,2025-03-31,Flat,0.37840357,62.5
SNPS,2025-04-01,Flat,0.37818897,61.09307359307359
SNPS,2025-04-03,Flat,0.37802845,59.63203463203464
SNPS,2025-04-04,Flat,0.37963796,70.34632034632034
SO,2025-03-28,Flat,0.376534,50.649350649350644
SO,2025-04-01,Flat,0.3765823,50.86580086580087
SO,2025-04-02,Flat,0.37652752,50.541125541125545
SO,2025-04-03,Flat,0.37669834,51.515151515151516
SPG,2025-03-31,Flat,0.3805885,76.46103896103897
SPG,2025-04-01,Flat,0.38065162,77.0021645021645
SPG,2025-04-02,Flat,0.38081095,78.51731601731602
SPG,2025-04-04,Flat,0.37993518,72.51082251082252
SPGI,2025-03-28,Flat,0.37510002,32.52164502164502
SPGI,2025-04-01,Flat,0.37481987,28.084415584415584
SPGI,2025-04-02,Flat,0.37476736,27.435064935064936
SPGI,2025-04-04,Flat,0.37645355,50.324675324675326
SRE,2025-03-28,Flat,0.37541497,36.79653679653679
SRE,2025-04-01,Flat,0.37546,37.878787878787875
SRE,2025-04-02,Flat,0.37553653,38.961038961038966
SRE,2025-04-03,Flat,0.3755034,38.69047619047619
STE,2025-03-31,Flat,0.38192534,88.69047619047619
STE,2025-04-02,Flat,0.38192743,88.85281385281385
STE,2025-04-04,Flat,0.38188374,87.33766233766234
STLD,2025-03-28,Flat,0.37861043,64.06926406926407
STLD,2025-04-01,Flat,0.37861487,64.12337662337663
STLD,2025-04-02,Flat,0.3787092,65.04329004329004
STLD,2025-04-04,Flat,0.37820613,61.201298701298704
STT,2025-03-31,Flat,0.37638846,49.78354978354979
STT,2025-04-01,Flat,0.37639967,50.05411255411255
STT,2025-04-02,Flat,0.37643114,50.27056277056276
STT,2025-04-04,Flat,0.37598652,45.34632034632035
STX,2025-03-28,Flat,0.3761823,47.67316017316017
STX,2025-04-01,Flat,0.37616006,47.564935064935064
STX,2025-04-02,Flat,0.37623003,48.05194805194805
STX,2025-04-03,Flat,0.3755846,40.04329004329004
STZ,2025-03-28,Flat,0.38138014,81.87229437229438
STZ,2025-04-01,Flat,0.38142753,82.03463203463204
STZ,2025-04-02,Flat,0.38147148,82.1969696969697
STZ,2025-04-03,Flat,0.38129592,81.43939393939394
SWK,2025-03-31,Flat,0.37572235,42.099567099567096
SWK,2025-04-01,Flat,0.37575647,42.58658008658009
SWK,2025-04-02,Flat,0.37577453,43.01948051948052
SWK,2025-04-04,Flat,0.37516326,33.27922077922078
SWKS,2025-03-28,Flat,0.37513557,32.900432900432904
SWKS,2025-04-01,Flat,0.37510753,32.62987012987013
SWKS,2025-04-02,Flat,0.37515786,33.17099567099567
SWKS,2025-04-03,Flat,0.37478435,27.65151515151515
SYF,2025-03-28,Flat,0.37451744,24.62121212121212
SYF,2025-04-01,Flat,0.374508,24.512987012987015
SYF,2025-04-02,Flat,0.37463292,25.91991341991342
SYF,2025-04-03,Flat,0.37425676,22.13203463203463
SYK,2025-03-31,Flat,0.38108778,80.1948051948052
SYK,2025-04-01,Flat,0.38078383,78.30086580086581
SYK,2025-04-02,Flat,0.38064274,76.83982683982684
SYK,2025-04-04,Flat,0.38141775,81.98051948051948
SYY,2025-03-28,Flat,0.37561712,40.476190476190474
SYY,2025-04-01,Flat,0.37567675,41.125541125541126
SYY,2025-04-02,Flat,0.37568998,41.34199134199134
SYY,2025-04-03,Flat,0.37571067,41.82900432900433
T,2025-03-28,Flat,0.37337792,12.202380952380953
T,2025-04-01,Flat,0.37338582,12.554112554112553
T,2025-04-02,Flat,0.37338212,12.391774891774892
T,2025-04-03,Flat,0.37340084,12.716450216450218
TAP,2025-03-28,Flat,0.37492877,29.81601731601732
TAP,2025-04-01,Flat,0.374934,29.978354978354975
TAP,2025-04-02,Flat,0.37499785,30.898268398268396
TAP,2025-04-03,Flat,0.37504178,31.70995670995671
TDG,2025-04-01,Flat,0.3546526,0.3246753246753247
TDG,2025-04-03,Flat,0.3547437,0.3787878787878788
TEL,2025-03-31,Flat,0.37947866,69.42640692640693
TEL,2025-04-01,Flat,0.37944052,69.26406926406926
TEL,2025-04-02,Flat,0.37947884,69.48051948051948
TEL,2025-04-04,Flat,0.37878686,65.5844155844156
TER,2025-03-28,Flat,0.37611195,47.18614718614719
TER,2025-04-01,Flat,0.37600026,45.45454545454545
TER,2025-04-02,Flat,0.37613326,47.4025974025974
TER,2025-04-03,Flat,0.37572598,42.15367965367965
TFC,2025-03-28,Flat,0.37394217,18.993506493506494
TFC,2025-04-01,Flat,0.37395373,19.155844155844157
TFC,2025-04-02,Flat,0.37397945,19.58874458874459
TFC,2025-04-03,Flat,0.37382233,17.694805194805195
TFX,2025-03-28,Flat,0.37927133,68.3982683982684
TFX,2025-04-01,Flat,0.37938827,68.83116883116884
TFX,2025-04-03,Flat,0.37942514,69.15584415584416
TFX,2025-04-04,Flat,0.3790265,67.26190476190477
TGT,2025-03-28,Flat,0.37752226,56.38528138528138
TGT,2025-04-01,Flat,0.3775947,56.81818181818182
TGT,2025-04-02,Flat,0.37762684,56.926406926406926
TGT,2025-04-03,Flat,0.37681946,52.27272727272727
TJX,2025-03-28,Flat,0.3783028,61.58008658008658
TJX,2025-04-01,Flat,0.37852,63.528138528138534
TJX,2025-04-02,Flat,0.37861776,64.17748917748918
TJX,2025-04-03,Flat,0.37867233,64.82683982683982
TMO,2025-03-31,Flat,0.37543407,37.28354978354979
TMO,2025-04-01,Flat,0.37557733,39.82683982683983
TMO,2025-04-02,Flat,0.37568262,41.23376623376623
TMO,2025-04-04,Flat,0.3766446,51.298701298701296
TMUS,2025-03-28,Flat,0.382147,95.18398268398268
TMUS,2025-04-01,Flat,0.38214388,95.12987012987013
TMUS,2025-04-02,Flat,0.3821412,95.02164502164501
TMUS,2025-04-03,Flat,0.38216984,95.56277056277057
TPR,2025-03-28,Flat,0.37542418,36.958874458874455
TPR,2025-04-01,Flat,0.37545648,37.77056277056277
TPR,2025-04-02,Flat,0.37563646,40.63852813852814
TPR,2025-04-03,Flat,0.3751864,33.495670995671
TRGP,2025-03-31,Flat,0.38177767,83.27922077922078
TRGP,2025-04-01,Flat,0.38179803,83.54978354978356
TRGP,2025-04-02,Flat,0.38183367,84.84848484848484
TRGP,2025-04-04,Flat,0.3808199,78.62554112554112
TRMB,2025-03-28,Flat,0.37519863,33.76623376623377
TRMB,2025-04-01,Flat,0.37514633,33.06277056277056
TRMB,2025-04-02,Flat,0.37523454,33.98268398268398
TRMB,2025-04-04,Flat,0.37489495,29.22077922077922
TROW,2025-03-28,Flat,0.37657124,50.75757575757576
TROW,2025-04-01,Flat,0.37659028,50.97402597402597
TROW,2025-04-02,Flat,0.37678105,52.16450216450217
TROW,2025-04-03,Flat,0.37627763,48.484848484848484
TRV,2025-03-28,Flat,0.38212723,94.20995670995671
TRV,2025-04-01,Flat,0.38213393,94.6969696969697
TRV,2025-04-02,Flat,0.38213485,94.75108225108225
TRV,2025-04-04,Flat,0.38209343,93.77705627705627
TSCO,2025-03-28,Flat,0.37457624,25.324675324675322
TSCO,2025-04-01,Flat,0.37463772,26.028138528138527
TSCO,2025-04-02,Flat,0.37468356,26.352813852813856
TSCO,2025-04-03,Flat,0.37469336,26.515151515151516
TSLA,2025-03-28,Flat,0.38213542,94.8051948051948
TSLA,2025-04-01,Flat,0.38215107,95.29220779220779
TSLA,2025-04-02,Flat,0.38223767,96.64502164502164
TSLA,2025-04-03,Flat,0.38216645,95.45454545454545
TSN,2025-03-28,Flat,0.37503016,31.547619047619047
TSN,2025-04-01,Flat,0.3750794,32.142857142857146
TSN,2025-04-02,Flat,0.37505132,31.872294372294373
TSN,2025-04-03,Flat,0.3750934,32.25108225108225
TT,2025-03-28,Flat,0.3822321,96.53679653679653
TT,2025-04-01,Flat,0.38218984,95.995670995671
TT,2025-04-02,Flat,0.381791,83.38744588744589
TT,2025-04-04,Flat,0.3822652,97.13203463203463
TTWO,2025-03-31,Flat,0.381831,84.63203463203463
TTWO,2025-04-01,Flat,0.38184923,85.71428571428571
TTWO,2025-04-02,Flat,0.3818575,86.03896103896103
TTWO,2025-04-04,Flat,0.3818198,84.0909090909091
TXN,2025-03-28,Flat,0.3811001,80.3030303030303
TXN,2025-04-01,Flat,0.38106942,80.03246753246754
TXN,2025-04-02,Flat,0.38113955,80.68181818181817
TXN,2025-04-03,Flat,0.38065353,77.05627705627705
TXT,2025-03-31,Flat,0.37558028,39.88095238095239
TXT,2025-04-01,Flat,0.3755581,39.33982683982684
TXT,2025-04-02,Flat,0.37556112,39.44805194805195
TXT,2025-04-04,Flat,0.3751602,33.22510822510822
TYL,2025-03-31,Flat,0.3722743,3.2467532467532463
TYL,2025-04-03,Flat,0.37243533,3.67965367965368
UAL,2025-03-28,Flat,0.37542498,37.01298701298701
UAL,2025-04-01,Flat,0.37519756,33.71212121212121
UAL,2025-04-02,Flat,0.37542605,37.06709956709957
UAL,2025-04-03,Flat,0.3749902,30.79004329004329
UDR,2025-03-28,Flat,0.3741361,21.049783549783548
UDR,2025-04-01,Flat,0.3741625,21.266233766233768
UDR,2025-04-02,Flat,0.3741702,21.428571428571427
UDR,2025-04-04,Flat,0.37405986,20.67099567099567
UHS,2025-03-28,Flat,0.38156006,82.41341991341992
UHS,2025-04-01,Flat,0.3815194,82.25108225108225
UHS,2025-04-03,Flat,0.38157192,82.46753246753246
UHS,2025-04-04,Flat,0.38113984,80.73593073593074
ULTA,2025-03-28,Flat,0.38133004,81.6017316017316
ULTA,2025-04-01,Flat,0.3806858,77.32683982683982
ULTA,2025-04-02,Flat,0.38030472,74.94588744588745
ULTA,2025-04-04,Flat,0.38112715,80.57359307359307
UNH,2025-03-28,Flat,0.3745251,24.83766233766234
UNH,2025-04-01,Flat,0.37429568,22.673160173160174
UNH,2025-04-02,Flat,0.37432912,23.106060606060606
UNH,2025-04-03,Flat,0.37344202,13.636363636363635
UNP,2025-03-28,Flat,0.38196874,90.15151515151516
UNP,2025-04-01,Flat,0.3819854,90.74675324675324
UNP,2025-04-02,Flat,0.38199383,90.85497835497836
UNP,2025-04-03,Flat,0.38193157,88.96103896103897
UPS,2025-03-28,Flat,0.3779243,58.76623376623377
UPS,2025-04-01,Flat,0.37785012,57.9004329004329
UPS,2025-04-02,Flat,0.37791756,58.71212121212122
UPS,2025-04-03,Flat,0.37733194,55.032467532467535
URI,2025-03-31,Flat,0.37080967,2.5974025974025974
URI,2025-04-01,Flat,0.37037635,2.326839826839827
URI,2025-04-03,Flat,0.37138748,2.7056277056277054
URI,2025-04-04,Flat,0.37269163,5.411255411255411
USB,2025-03-28,Flat,0.3740331,20.4004329004329
USB,2025-04-01,Flat,0.37399542,19.85930735930736
USB,2025-04-02,Flat,0.37404355,20.616883116883116
USB,2025-04-03,Flat,0.37389812,18.29004329004329
V,2025-03-28,Flat,0.38202047,91.93722943722943
V,2025-04-01,Flat,0.38186625,86.63419913419914
V,2025-04-02,Flat,0.38196158,89.93506493506493
V,2025-04-03,Flat,0.38209033,93.61471861471861
VFC,2025-03-28,Flat,0.37284547,7.35930735930736
VFC,2025-04-01,Flat,0.37284428,7.305194805194805
VFC,2025-04-02,Flat,0.37287435,7.792207792207792
VFC,2025-04-03,Flat,0.3726851,5.248917748917749
VICI,2025-03-28,Flat,0.37354642,14.880952380952381
VICI,2025-04-01,Flat,0.37355766,14.989177489177488
VICI,2025-04-02,Flat,0.3735612,15.043290043290044
VICI,2025-04-03,Flat,0.37354064,14.826839826839826
VLO,2025-03-28,Flat,0.3789498,66.61255411255411
VLO,2025-04-01,Flat,0.37888718,66.23376623376623
VLO,2025-04-02,Flat,0.37902445,67.20779220779221
VLO,2025-04-03,Flat,0.37822637,61.36363636363637
VMC,2025-03-28,Flat,0.38196057,89.82683982683982
VMC,2025-04-01,Flat,0.3819806,90.5844155844156
VMC,2025-04-02,Flat,0.3820045,91.07142857142857
VMC,2025-04-04,Flat,0.38194442,89.39393939393939
VRSK,2025-03-31,Flat,0.38238332,98.86363636363636
VRSK,2025-04-02,Flat,0.38238734,99.18831168831169
VRSK,2025-04-03,Flat,0.3823988,99.72943722943724
VRSN,2025-03-31,Flat,0.3820644,93.07359307359307
VRSN,2025-04-02,Flat,0.3820796,93.3982683982684
VRSN,2025-04-03,Flat,0.38209283,93.72294372294373
VRTX,2025-03-31,Flat,0.3761102,47.13203463203463
VRTX,2025-04-01,Flat,0.37588763,44.1017316017316
VRTX,2025-04-03,Flat,0.37570626,41.77489177489178
VRTX,2025-04-04,Flat,0.37606034,46.42857142857143
VTR,2025-03-28,Flat,0.37534025,35.87662337662338
VTR,2025-04-01,Flat,0.37535623,36.038961038961034
VTR,2025-04-02,Flat,0.375391,36.417748917748916
VTR,2025-04-03,Flat,0.37541607,36.85064935064935
VTRS,2025-03-28,Flat,0.37255344,3.9502164502164505
VTRS,2025-04-01,Flat,0.3725521,3.8419913419913416
VTRS,2025-04-02,Flat,0.37255323,3.896103896103896
VTRS,2025-04-03,Flat,0.372537,3.787878787878788
VZ,2025-03-28,Flat,0.37416297,21.32034632034632
VZ,2025-04-01,Flat,0.3741723,21.482683982683984
VZ,2025-04-02,Flat,0.37414828,21.158008658008658
VZ,2025-04-03,Flat,0.37419322,21.536796536796537
WAB,2025-03-31,Flat,0.3812136,81.16883116883116
WAB,2025-04-01,Flat,0.381377,81.81818181818183
WAB,2025-04-03,Flat,0.38126114,81.27705627705627
WAB,2025-04-04,Flat,0.38052246,75.97402597402598
WAT,2025-03-31,Flat,0.3809207,79.38311688311688
WAT,2025-04-02,Flat,0.3812983,81.4935064935065
WAT,2025-04-04,Flat,0.38228658,97.45670995670996
WBA,2025-03-28,Flat,0.3726588,5.032467532467533
WBA,2025-04-01,Flat,0.37265667,4.924242424242424
WBA,2025-04-02,Flat,0.37265822,4.978354978354979
WBA,2025-04-03,Flat,0.37265217,4.870129870129871
WBD,2025-03-28,Flat,0.37262625,4.599567099567099
WBD,2025-04-01,Flat,0.3726353,4.761904761904762
WBD,2025-04-02,Flat,0.37262717,4.653679653679654
WBD,2025-04-03,Flat,0.3725821,4.004329004329004
WDC,2025-03-28,Flat,0.3739593,19.318181818181817
WDC,2025-04-01,Flat,0.37393427,18.885281385281385
WDC,2025-04-02,Flat,0.373988,19.75108225108225
WDC,2025-04-03,Flat,0.37370107,16.071428571428573
WEC,2025-03-28,Flat,0.37777907,57.413419913419915
WEC,2025-04-01,Flat,0.37784478,57.7922077922078
WEC,2025-04-02,Flat,0.37784058,57.738095238095234
WEC,2025-04-03,Flat,0.37786126,58.11688311688312
WELL,2025-03-28,Flat,0.38002953,72.9978354978355
WELL,2025-04-01,Flat,0.3800244,72.8896103896104
WELL,2025-04-02,Flat,0.38004634,73.10606060606061
WELL,2025-04-03,Flat,0.38006335,73.26839826839827
WFC,2025-03-28,Flat,0.3754479,37.472943722943725
WFC,2025-04-01,Flat,0.3754479,37.472943722943725
WFC,2025-04-02,Flat,0.37551534,38.798701298701296
WFC,2025-04-03,Flat,0.3752452,34.090909090909086
WHR,2025-03-31,Flat,0.37639925,49.94588744588744
WHR,2025-04-01,Flat,0.37652934,50.595238095238095
WHR,2025-04-03,Flat,0.3763114,48.80952380952381
WHR,2025-04-04,Flat,0.37612593,47.294372294372295
WM,2025-03-31,Flat,0.38195142,89.6103896103896
WM,2025-04-01,Flat,0.38197154,90.2056277056277
WM,2025-04-02,Flat,0.3819736,90.25974025974025
WM,2025-04-04,Flat,0.3819801,90.47619047619048
WMB,2025-03-28,Flat,0.37486702,28.679653679653676
WMB,2025-04-01,Flat,0.37488505,29.004329004329005
WMB,2025-04-02,Flat,0.37497634,30.465367965367967
WMB,2025-04-03,Flat,0.374874,28.8961038961039
WMT,2025-03-28,Flat,0.3761958,47.83549783549784
WMT,2025-04-01,Flat,0.37637547,49.621212121212125
WMT,2025-04-02,Flat,0.3764258,50.16233766233766
WMT,2025-04-03,Flat,0.3763399,49.08008658008658
WRB,2025-03-31,Flat,0.37549087,38.311688311688314
WRB,2025-04-01,Flat,0.3754525,37.608225108225106
WRB,2025-04-02,Flat,0.37539855,36.52597402597403
WRB,2025-04-04,Flat,0.37540546,36.58008658008658
WST,2025-03-28,Flat,0.3819099,88.31168831168831
WST,2025-04-01,Flat,0.38190982,88.25757575757575
WST,2025-04-03,Flat,0.38189298,87.60822510822511
WST,2025-04-04,Flat,0.3818408,85.3896103896104
WTW,2025-03-31,Flat,0.38219702,96.15800865800865
WTW,2025-04-02,Flat,0.38219732,96.21212121212122
WTW,2025-04-04,Flat,0.38233575,97.78138528138528
WY,2025-03-28,Flat,0.37343153,13.41991341991342
WY,2025-04-01,Flat,0.37341347,13.095238095238097
WY,2025-04-02,Flat,0.3734317,13.474025974025974
WY,2025-04-03,Flat,0.37336257,11.85064935064935
WYNN,2025-03-28,Flat,0.37604976,46.15800865800866
WYNN,2025-04-01,Flat,0.37605622,46.320346320346324
WYNN,2025-04-02,Flat,0.3760863,46.86147186147186
WYNN,2025-04-04,Flat,0.37555736,39.231601731601735
XEL,2025-03-28,Flat,0.3754124,36.74242424242424
XEL,2025-04-01,Flat,0.37544066,37.391774891774894
XEL,2025-04-02,Flat,0.37545845,37.82467532467532
XEL,2025-04-03,Flat,0.37554458,39.12337662337662
XOM,2025-03-28,Flat,0.37831154,61.63419913419913
XOM,2025-04-01,Flat,0.37834954,61.958874458874455
XOM,2025-04-02,Flat,0.37834412,61.850649350649356
XOM,2025-04-03,Flat,0.37809932,60.497835497835496
XRAY,2025-03-28,Flat,0.37281752,6.872294372294372
XRAY,2025-04-01,Flat,0.37281314,6.8181818181818175
XRAY,2025-04-02,Flat,0.3728097,6.70995670995671
XRAY,2025-04-03,Flat,0.37276313,5.7900432900432905
XYL,2025-03-31,Flat,0.37838164,62.39177489177489
XYL,2025-04-01,Flat,0.37842298,62.66233766233766
XYL,2025-04-02,Flat,0.37836337,62.06709956709957
XYL,2025-04-04,Flat,0.3778507,57.95454545454546
YUM,2025-03-28,Flat,0.3801767,74.18831168831169
YUM,2025-04-01,Flat,0.3802578,74.62121212121212
YUM,2025-04-02,Flat,0.38030335,74.89177489177489
YUM,2025-04-04,Flat,0.3804499,75.7034632034632
ZBH,2025-03-28,Flat,0.37805048,60.064935064935064
ZBH,2025-04-01,Flat,0.37806463,60.17316017316018
ZBH,2025-04-02,Flat,0.3780479,59.95670995670995
ZBH,2025-04-04,Flat,0.37806606,60.22727272727273
ZBRA,2025-03-31,Flat,0.3822676,97.24025974025975
ZBRA,2025-04-02,Flat,0.3823144,97.51082251082252
ZBRA,2025-04-04,Flat,0.38188103,87.12121212121212
ZION,2025-03-28,Flat,0.37435666,23.484848484848484
ZION,2025-04-01,Flat,0.37436444,23.593073593073594
ZION,2025-04-02,Flat,0.3743949,23.7012987012987
ZION,2025-04-04,Flat,0.37400067,19.967532467532468
ZTS,2025-03-31,Flat,0.38056195,76.35281385281385
ZTS,2025-04-01,Flat,0.3805966,76.62337662337663
ZTS,2025-04-02,Flat,0.38054585,76.19047619047619
ZTS,2025-04-03,Flat,0.38039884,75.43290043290042
